Ariana Grande|YouTube|https://www.youtube.com/playlist?playnext=1&list=PLFO0esT_hEQS31d0gIbw_mlhUnQd8MkDZ&feature=gws_kp_artist|Spotify|https://open.spotify.com/artist/66CXWjxzNUsdJxJ2JdwvnR?autoplay=true|Gaana|https://gaana.com/artist/ariana-grande?autoplay=true|YouTube Music|https://music.youtube.com/channel/UC0076UMUgEng8HORUw_MYHA?feature=gws_kp_artist&feature=gws_kp_artist|JioSaavn|https://www.jiosaavn.com/artist/Ariana-Grande-songs/hLOr3AxVxXk_?autoplay=enabled|Hungama|https://www.hungama.com/artist/ariana-grande/1583015/?autoplay=true|Wynk|https://wynk.in/music/artist/home/ariana-grande?autoplay=true|Instagram|https://www.instagram.com/arianagrande|Twitter|https://twitter.com/ArianaGrande|Facebook|https://www.facebook.com/arianagrande|YouTube|https://www.youtube.com/user/osnapitzari|Myspace|https://myspace.com/arianagrande
David Henrie|Twitter|https://twitter.com/davidhenrie|Facebook|https://www.facebook.com/davidhenrie/
Camila Cabello|YouTube|https://www.youtube.com/playlist?playnext=1&list=PL8Gifh-G6-cuMaq9wWFtI7D9SUphVyYls&feature=gws_kp_artist|Spotify|https://open.spotify.com/artist/4nDoRrQiYLoBzwC5BhVJzF?autoplay=true|YouTube Music|https://music.youtube.com/channel/UCsZIVNwBqtPBX-41kO_rQzQ?feature=gws_kp_artist&feature=gws_kp_artist|Gaana|https://gaana.com/artist/camila-cabello?autoplay=true|JioSaavn|https://www.jiosaavn.com/artist/Camila-Cabello-songs/T8rykyjbKe4_?autoplay=enabled|Hungama|https://www.hungama.com/artist/camilla-cabello/186494612/?autoplay=true|Wynk|https://wynk.in/music/artist/home/camila-cabello?autoplay=true|Instagram|https://www.instagram.com/camila_cabello|Facebook|https://www.facebook.com/camilacabello|YouTube|https://www.youtube.com/channel/UCio_FVgKVgqcHrRiXDpnqbw|Twitter|https://twitter.com/Camila_Cabello|SoundCloud|https://soundcloud.com/camilacabello
Hailey Baldwin|Instagram|https://www.instagram.com/haileybieber|Twitter|https://twitter.com/haileybieber|Facebook|https://www.facebook.com/HaileyBaldwin
Jake T. Austin|Instagram|https://www.instagram.com/jaketaustin/|Twitter|https://twitter.com/jaketaustin|Facebook|https://www.facebook.com/JakeTAustin/
Rihanna|YouTube|https://www.youtube.com/playlist?playnext=1&list=PLmayP0qOPHaIf2ohiWsRunfVwmwELDZTZ&feature=gws_kp_artist|Spotify|https://open.spotify.com/artist/5pKCCKE2ajJHZ9KAiaK11H?autoplay=true|Gaana|https://gaana.com/artist/rihanna?autoplay=true|YouTube Music|https://music.youtube.com/channel/UCvWtix2TtWGe9kffqnwdaMw?feature=gws_kp_artist&feature=gws_kp_artist|JioSaavn|https://www.jiosaavn.com/artist/Rhianna-songs/AAPvYiCuVWg_?autoplay=enabled|Hungama|https://www.hungama.com/artist/robyn-fenty/40285/?autoplay=true|Wynk|https://wynk.in/music/artist/home/rihanna?autoplay=true|Instagram|https://www.instagram.com/badgalriri|Facebook|https://www.facebook.com/rihanna|Twitter|https://twitter.com/rihanna|YouTube|https://www.youtube.com/user/rihanna|SoundCloud|https://soundcloud.com/rihanna
Beyoncé|YouTube|https://www.youtube.com/playlist?playnext=1&list=PLgXJI_F2zukJY8iUa1jy_SvBRh85U3XWf&feature=gws_kp_artist|Spotify|https://open.spotify.com/artist/6vWDO969PvNqNYHIOW5v0m?autoplay=true|Gaana|https://gaana.com/artist/beyonce?autoplay=true|YouTube Music|https://music.youtube.com/channel/UCoPQ_TWm8JZ5nJv4a5BzSWA?feature=gws_kp_artist&feature=gws_kp_artist|JioSaavn|https://www.jiosaavn.com/artist/Beyonce-songs/UVXieI6jW5I_?autoplay=enabled|Hungama|https://www.hungama.com/artist/beyonc-knowles/44484023/?autoplay=true|Wynk|https://wynk.in/music/artist/home/beyonce?autoplay=true|Instagram|https://www.instagram.com/beyonce|Facebook|https://www.facebook.com/beyonce|Twitter|https://twitter.com/Beyonce|YouTube|http://www.youtube.com/user/beyonceVEVO|SoundCloud|https://soundcloud.com/beyonce
Katy Perry|YouTube|https://www.youtube.com/playlist?playnext=1&list=PLwn8mT6-a4yIbVXCgzsTUfwC0DQ8-MtMf&feature=gws_kp_artist|Spotify|https://open.spotify.com/artist/6jJ0s89eD6GaHleKKya26X?autoplay=true|YouTube Music|https://music.youtube.com/channel/UC_7s69e1mDS3lgcTMJEPjCg?feature=gws_kp_artist&feature=gws_kp_artist|Gaana|https://gaana.com/artist/katy-perry?autoplay=true|JioSaavn|https://www.jiosaavn.com/artist/Perry-Katy-songs/sqT9zfw4O6k_?autoplay=enabled|Hungama|https://www.hungama.com/artist/katy-perry/34683/?autoplay=true|Wynk|https://wynk.in/music/artist/home/katy-perry?autoplay=true|Instagram|https://www.instagram.com/katyperry|Twitter|https://twitter.com/katyperry|Facebook|https://www.facebook.com/katyperry|YouTube|http://www.youtube.com/user/KatyPerryMusic|Pinterest|https://www.pinterest.com/katyperry
Lady Gaga|YouTube|https://www.youtube.com/playlist?playnext=1&list=PLhcBPsRKi9mUo_0kD9htaSEZsY8ay8Rsl&feature=gws_kp_artist|Spotify|https://open.spotify.com/artist/1HY2Jd0NmPuamShAr6KMms?autoplay=true|Gaana|https://gaana.com/artist/lady-gaga?autoplay=true|YouTube Music|https://music.youtube.com/channel/UCGKXb1syicud01CJOOFRykg?feature=gws_kp_artist&feature=gws_kp_artist|JioSaavn|https://www.jiosaavn.com/artist/Lady-Gaga-songs/XVoOcEoDG84_?autoplay=enabled|Hungama|https://www.hungama.com/artist/germanotta-stefani/156466313/?autoplay=true|Wynk|https://wynk.in/music/artist/home/lady-gaga?autoplay=true|Instagram|https://www.instagram.com/ladygaga|Twitter|https://twitter.com/ladygaga|Facebook|https://www.facebook.com/ladygaga|YouTube|https://www.youtube.com/user/ladygagaofficial|SoundCloud|https://soundcloud.com/ladygaga
Ariana Grande|YouTube|https://www.youtube.com/playlist?playnext=1&list=PLFO0esT_hEQS31d0gIbw_mlhUnQd8MkDZ&feature=gws_kp_artist|Spotify|https://open.spotify.com/artist/66CXWjxzNUsdJxJ2JdwvnR?autoplay=true|Gaana|https://gaana.com/artist/ariana-grande?autoplay=true|YouTube Music|https://music.youtube.com/channel/UC0076UMUgEng8HORUw_MYHA?feature=gws_kp_artist&feature=gws_kp_artist|JioSaavn|https://www.jiosaavn.com/artist/Ariana-Grande-songs/hLOr3AxVxXk_?autoplay=enabled|Hungama|https://www.hungama.com/artist/ariana-grande/1583015/?autoplay=true|Wynk|https://wynk.in/music/artist/home/ariana-grande?autoplay=true|Instagram|https://www.instagram.com/arianagrande|Twitter|https://twitter.com/ArianaGrande|Facebook|https://www.facebook.com/arianagrande|YouTube|https://www.youtube.com/user/osnapitzari|Myspace|https://myspace.com/arianagrande
Selena Gomez|YouTube|https://www.youtube.com/playlist?playnext=1&list=PLGwu-ob7sdHMxhN2EErcp0_zEhTMBsjY4&feature=gws_kp_artist|Spotify|https://open.spotify.com/artist/0C8ZW7ezQVs4URX5aX7Kqx?autoplay=true|Gaana|https://gaana.com/artist/selena-gomez?autoplay=true|YouTube Music|https://music.youtube.com/channel/UCeBYRgPhy8kcRmIGQWKuqdQ?feature=gws_kp_artist&feature=gws_kp_artist|JioSaavn|https://www.jiosaavn.com/artist/Selena-Gomez-songs/x45oK7RJ2E4_?autoplay=enabled|Hungama|https://www.hungama.com/artist/selena-gomez/42345/?autoplay=true|Wynk|https://wynk.in/music/artist/home/selena-gomez?autoplay=true|Instagram|https://www.instagram.com/selenagomez|Facebook|https://www.facebook.com/Selena|Twitter|https://twitter.com/selenagomez|YouTube|https://www.youtube.com/user/SelGomez|Myspace|http://myspace.com/selenagomez
Justin Bieber|YouTube|https://www.youtube.com/playlist?playnext=1&list=PL7cJWYlMnhfzFuupFwQ4ng7XQkrRnFiXL&feature=gws_kp_artist|Spotify|https://open.spotify.com/artist/1uNFoZAHBGtllmzznpCI3s?autoplay=true|Gaana|https://gaana.com/artist/justin-bieber?autoplay=true|YouTube Music|https://music.youtube.com/channel/UCGvj8kfUV5Q6lzECIrGY19g?feature=gws_kp_artist&feature=gws_kp_artist|JioSaavn|https://www.jiosaavn.com/artist/Justin-Bieber-songs/deJJWFd1ItE_?autoplay=enabled|Hungama|https://www.hungama.com/artist/justin-bieber/42221/?autoplay=true|Wynk|https://wynk.in/music/artist/home/justin-bieber?autoplay=true|Instagram|https://www.instagram.com/justinbieber|Facebook|https://www.facebook.com/JustinBieber|Twitter|https://twitter.com/justinbieber|YouTube|https://www.youtube.com/user/kidrauhl|TikTok|https://www.tiktok.com/@justinbieber
Timothée Chalamet|Instagram|https://www.instagram.com/tchalamet|Twitter|https://twitter.com/RealChalamet
Mandy Teefey|Instagram|https://www.instagram.com/mandyteefey/|Twitter|https://twitter.com/itsmandyteefey_|Facebook|https://www.facebook.com/amanda.dawncornett.7
Selena Gomez|YouTube|https://www.youtube.com/playlist?playnext=1&list=PLGwu-ob7sdHMxhN2EErcp0_zEhTMBsjY4&feature=gws_kp_artist|Spotify|https://open.spotify.com/artist/0C8ZW7ezQVs4URX5aX7Kqx?autoplay=true|Gaana|https://gaana.com/artist/selena-gomez?autoplay=true|YouTube Music|https://music.youtube.com/channel/UCeBYRgPhy8kcRmIGQWKuqdQ?feature=gws_kp_artist&feature=gws_kp_artist|JioSaavn|https://www.jiosaavn.com/artist/Selena-Gomez-songs/x45oK7RJ2E4_?autoplay=enabled|Hungama|https://www.hungama.com/artist/selena-gomez/42345/?autoplay=true|Wynk|https://wynk.in/music/artist/home/selena-gomez?autoplay=true|Instagram|https://www.instagram.com/selenagomez|Facebook|https://www.facebook.com/Selena|Twitter|https://twitter.com/selenagomez|YouTube|https://www.youtube.com/user/SelGomez|Myspace|http://myspace.com/selenagomez
Harry Styles|YouTube|https://www.youtube.com/playlist?playnext=1&list=PL1BwKXJqW9zXtoSuoI6LVjof1H9gb13Re&feature=gws_kp_artist|Spotify|https://open.spotify.com/artist/6KImCVD70vtIoJWnq6nGn3?autoplay=true|YouTube Music|https://music.youtube.com/channel/UCVacQ2t5GUZ2t_J3Ia9BynA?feature=gws_kp_artist&feature=gws_kp_artist|Gaana|https://gaana.com/artist/harry-styles?autoplay=true|JioSaavn|https://www.jiosaavn.com/artist/Harry-Styles-songs/vVtHXctbA,o_?autoplay=enabled|Hungama|https://www.hungama.com/artist/h-styles/274065368/?autoplay=true|Wynk|https://wynk.in/music/artist/home/harry-styles?autoplay=true|Instagram|https://www.instagram.com/harrystyles|Facebook|https://www.facebook.com/harrystyles|Twitter|https://twitter.com/Harry_Styles|YouTube|https://www.youtube.com/harrystyles
Demi Lovato|YouTube|https://www.youtube.com/playlist?playnext=1&list=PLuvyXsl3VC6Sw1kkFRvHCGRXFDjjF8dZl&feature=gws_kp_artist|Spotify|https://open.spotify.com/artist/6S2OmqARrzebs0tKUEyXyp?autoplay=true|JioSaavn|https://www.jiosaavn.com/artist/Demi-Lovato-songs/hyq,I5epfZY_?autoplay=enabled|YouTube Music|https://music.youtube.com/channel/UCwem2sj-QUJCiWiPAo9JuAw?feature=gws_kp_artist&feature=gws_kp_artist|Gaana|https://gaana.com/artist/demi-lovato?autoplay=true|Hungama|https://www.hungama.com/artist/demetria-lovato/263555316/?autoplay=true|Wynk|https://wynk.in/music/artist/home/demi-lovato?autoplay=true|Instagram|https://www.instagram.com/ddlovato|Twitter|https://twitter.com/ddlovato|Facebook|https://www.facebook.com/DemiLovato|YouTube|https://www.youtube.com/user/therealdemilovato|Tumblr|https://demilovato.tumblr.com/
Mandy Teefey|Instagram|https://www.instagram.com/mandyteefey/|Twitter|https://twitter.com/itsmandyteefey_|Facebook|https://www.facebook.com/amanda.dawncornett.7
Ricardo Joel Gomez|Instagram|https://www.instagram.com/wrikster/|Twitter|https://twitter.com/ricardojoelgom1|Facebook|https://www.facebook.com/ricardojoel.gomez.10
Rihanna|YouTube|https://www.youtube.com/playlist?playnext=1&list=PLmayP0qOPHaIf2ohiWsRunfVwmwELDZTZ&feature=gws_kp_artist|Spotify|https://open.spotify.com/artist/5pKCCKE2ajJHZ9KAiaK11H?autoplay=true|Gaana|https://gaana.com/artist/rihanna?autoplay=true|YouTube Music|https://music.youtube.com/channel/UCvWtix2TtWGe9kffqnwdaMw?feature=gws_kp_artist&feature=gws_kp_artist|JioSaavn|https://www.jiosaavn.com/artist/Rhianna-songs/AAPvYiCuVWg_?autoplay=enabled|Hungama|https://www.hungama.com/artist/robyn-fenty/40285/?autoplay=true|Wynk|https://wynk.in/music/artist/home/rihanna?autoplay=true|Instagram|https://www.instagram.com/badgalriri|Facebook|https://www.facebook.com/rihanna|Twitter|https://twitter.com/rihanna|YouTube|https://www.youtube.com/user/rihanna|SoundCloud|https://soundcloud.com/rihanna
Camila Cabello|YouTube|https://www.youtube.com/playlist?playnext=1&list=PL8Gifh-G6-cuMaq9wWFtI7D9SUphVyYls&feature=gws_kp_artist|Spotify|https://open.spotify.com/artist/4nDoRrQiYLoBzwC5BhVJzF?autoplay=true|YouTube Music|https://music.youtube.com/channel/UCsZIVNwBqtPBX-41kO_rQzQ?feature=gws_kp_artist&feature=gws_kp_artist|Gaana|https://gaana.com/artist/camila-cabello?autoplay=true|JioSaavn|https://www.jiosaavn.com/artist/Camila-Cabello-songs/T8rykyjbKe4_?autoplay=enabled|Hungama|https://www.hungama.com/artist/camilla-cabello/186494612/?autoplay=true|Wynk|https://wynk.in/music/artist/home/camila-cabello?autoplay=true|Instagram|https://www.instagram.com/camila_cabello|Facebook|https://www.facebook.com/camilacabello|YouTube|https://www.youtube.com/channel/UCio_FVgKVgqcHrRiXDpnqbw|Twitter|https://twitter.com/Camila_Cabello|SoundCloud|https://soundcloud.com/camilacabello
Lauren Jauregui|YouTube|https://www.youtube.com/playlist?playnext=1&list=PLMoxfxFVcVQynv3IN9e0bq2nUu7B2uQdj&feature=gws_kp_artist|Spotify|https://open.spotify.com/artist/3J0BpFVUc9LeOIVeN5uNhU?autoplay=true|YouTube Music|https://music.youtube.com/channel/UCdHIxyB4Jrl_Kmpe36vI5xg?feature=gws_kp_artist&feature=gws_kp_artist|Gaana|https://gaana.com/artist/lauren-jauregui?autoplay=true|JioSaavn|https://www.jiosaavn.com/artist/Lauren-Jauregui-songs/WneUJtW0fCw_?autoplay=enabled|Hungama|https://www.hungama.com/artist/lauren-jauregui/23053673/?autoplay=true|Instagram|https://www.instagram.com/laurenjauregui/|Twitter|https://twitter.com/laurenjauregui|YouTube|https://www.youtube.com/channel/UCztlt79t8cvrtLpnoIXz2Pg|Facebook|https://www.facebook.com/LaurenJaureguiOfficial/
Normani|YouTube|https://www.youtube.com/playlist?playnext=1&list=PL9c7UGH4Uj1koCLqKial98uGsRJfk-0M1&feature=gws_kp_artist|Spotify|https://open.spotify.com/artist/2cWZOOzeOm4WmBJRnD5R7I?autoplay=true|YouTube Music|https://music.youtube.com/channel/UCM086fg88OhGvyzezmfRmLA?feature=gws_kp_artist&feature=gws_kp_artist|Gaana|https://gaana.com/artist/normani?autoplay=true|JioSaavn|https://www.jiosaavn.com/artist/Normani-songs/5Qy1RE,sY2s_?autoplay=enabled|Hungama|https://www.hungama.com/artist/normani-hamilton/211733749/?autoplay=true|Instagram|https://www.instagram.com/normani|Twitter|https://twitter.com/Normani|Facebook|https://www.facebook.com/normanikordei|SoundCloud|https://soundcloud.com/normani-kordei|YouTube|https://www.youtube.com/channel/UCQNqatUel5nR-_0RWizIM5g
Shawn Mendes|YouTube|https://www.youtube.com/playlist?playnext=1&list=PLOYP-X0Ialyk83UONUfFczK39deWNyCFE&feature=gws_kp_artist|Spotify|https://open.spotify.com/artist/7n2wHs1TKAczGzO7Dd2rGr?autoplay=true|Gaana|https://gaana.com/artist/shawn-mendes?autoplay=true|YouTube Music|https://music.youtube.com/channel/UC6ZjlLJhqP79nqGr3Ic6Adg?feature=gws_kp_artist&feature=gws_kp_artist|JioSaavn|https://www.jiosaavn.com/artist/Shawn-Mendes-songs/,ocedOMUfXo_?autoplay=enabled|Hungama|https://www.hungama.com/artist/shawn-mendes/5841723/?autoplay=true|Wynk|https://wynk.in/music/artist/home/shawn-mendes?autoplay=true|Instagram|https://www.instagram.com/shawnmendes|Twitter|https://twitter.com/ShawnMendes|Facebook|https://www.facebook.com/ShawnMendesOfficial|YouTube|https://www.youtube.com/channel/UC4-TgOSMJHn-LtY4zCzbQhw|Myspace|https://myspace.com/shawnmendes
Camila Cabello|YouTube|https://www.youtube.com/playlist?playnext=1&list=PL8Gifh-G6-cuMaq9wWFtI7D9SUphVyYls&feature=gws_kp_artist|Spotify|https://open.spotify.com/artist/4nDoRrQiYLoBzwC5BhVJzF?autoplay=true|YouTube Music|https://music.youtube.com/channel/UCsZIVNwBqtPBX-41kO_rQzQ?feature=gws_kp_artist&feature=gws_kp_artist|Gaana|https://gaana.com/artist/camila-cabello?autoplay=true|JioSaavn|https://www.jiosaavn.com/artist/Camila-Cabello-songs/T8rykyjbKe4_?autoplay=enabled|Hungama|https://www.hungama.com/artist/camilla-cabello/186494612/?autoplay=true|Wynk|https://wynk.in/music/artist/home/camila-cabello?autoplay=true|Instagram|https://www.instagram.com/camila_cabello|Facebook|https://www.facebook.com/camilacabello|YouTube|https://www.youtube.com/channel/UCio_FVgKVgqcHrRiXDpnqbw|Twitter|https://twitter.com/Camila_Cabello|SoundCloud|https://soundcloud.com/camilacabello
Harry Styles|YouTube|https://www.youtube.com/playlist?playnext=1&list=PL1BwKXJqW9zXtoSuoI6LVjof1H9gb13Re&feature=gws_kp_artist|Spotify|https://open.spotify.com/artist/6KImCVD70vtIoJWnq6nGn3?autoplay=true|YouTube Music|https://music.youtube.com/channel/UCVacQ2t5GUZ2t_J3Ia9BynA?feature=gws_kp_artist&feature=gws_kp_artist|Gaana|https://gaana.com/artist/harry-styles?autoplay=true|JioSaavn|https://www.jiosaavn.com/artist/Harry-Styles-songs/vVtHXctbA,o_?autoplay=enabled|Hungama|https://www.hungama.com/artist/h-styles/274065368/?autoplay=true|Wynk|https://wynk.in/music/artist/home/harry-styles?autoplay=true|Instagram|https://www.instagram.com/harrystyles|Facebook|https://www.facebook.com/harrystyles|Twitter|https://twitter.com/Harry_Styles|YouTube|https://www.youtube.com/harrystyles
Louis Tomlinson|YouTube|https://www.youtube.com/playlist?playnext=1&list=PLLumRueSDKa4QCIv4OzA72H52pAsufrQj&feature=gws_kp_artist|Spotify|https://open.spotify.com/artist/57WHJIHrjOE3iAxpihhMnp?autoplay=true|YouTube Music|https://music.youtube.com/channel/UCpe3TthvXb8kmRiFbkeDGCQ?feature=gws_kp_artist&feature=gws_kp_artist|Gaana|https://gaana.com/artist/louis-tomlinson?autoplay=true|JioSaavn|https://www.jiosaavn.com/artist/Louis-Tomlinson-songs/eW33TJFK71Y_?autoplay=enabled|Hungama|https://www.hungama.com/artist/louis-tomlinson/6863015/?autoplay=true|Wynk|https://wynk.in/music/artist/home/louis-tomlinson?autoplay=true|Twitter|https://twitter.com/Louis_Tomlinson|Instagram|https://www.instagram.com/louist91|YouTube|https://www.youtube.com/channel/UCBSxVE6JoMg0WXvpm47OS3g|Facebook|https://www.facebook.com/louis.tomlinson
Camille Rowe|Instagram|https://www.instagram.com/fingermonkey/|Twitter|https://twitter.com/camillerowe|Facebook|https://www.facebook.com/camilleroweofficial/
Harry Styles|YouTube|https://www.youtube.com/playlist?playnext=1&list=PL1BwKXJqW9zXtoSuoI6LVjof1H9gb13Re&feature=gws_kp_artist|Spotify|https://open.spotify.com/artist/6KImCVD70vtIoJWnq6nGn3?autoplay=true|YouTube Music|https://music.youtube.com/channel/UCVacQ2t5GUZ2t_J3Ia9BynA?feature=gws_kp_artist&feature=gws_kp_artist|Gaana|https://gaana.com/artist/harry-styles?autoplay=true|JioSaavn|https://www.jiosaavn.com/artist/Harry-Styles-songs/vVtHXctbA,o_?autoplay=enabled|Hungama|https://www.hungama.com/artist/h-styles/274065368/?autoplay=true|Wynk|https://wynk.in/music/artist/home/harry-styles?autoplay=true|Instagram|https://www.instagram.com/harrystyles|Facebook|https://www.facebook.com/harrystyles|Twitter|https://twitter.com/Harry_Styles|YouTube|https://www.youtube.com/harrystyles
Liam Payne|YouTube|https://www.youtube.com/playlist?playnext=1&list=PLv0FYv7My_DUc69RIx7UDfbwwgjdxhwaW&feature=gws_kp_artist|Spotify|https://open.spotify.com/artist/5pUo3fmmHT8bhCyHE52hA6?autoplay=true|YouTube Music|https://music.youtube.com/channel/UCEcGHupZkoAPFXXQrC2W8rA?feature=gws_kp_artist&feature=gws_kp_artist|Gaana|https://gaana.com/artist/liam-payne?autoplay=true|JioSaavn|https://www.jiosaavn.com/artist/Liam-Payne-songs/wJ4mlfra7fw_?autoplay=enabled|Hungama|https://www.hungama.com/artist/liam-payne/6863017/?autoplay=true|Wynk|https://wynk.in/music/artist/home/liam-payne?autoplay=true|Instagram|https://www.instagram.com/liampayne|Twitter|https://twitter.com/LiamPayne|YouTube|https://www.youtube.com/channel/UCcG6pdVejvmvWSDRJfmeB8A|Facebook|https://www.facebook.com/LiamPayne
Niall Horan|YouTube|https://www.youtube.com/playlist?playnext=1&list=PLBnwReCcOty8cogl4UaOmq3qcYndCyxKU&feature=gws_kp_artist|Spotify|https://open.spotify.com/artist/1Hsdzj7Dlq2I7tHP7501T4?autoplay=true|YouTube Music|https://music.youtube.com/channel/UCxm9sS8Dd2aRthr_O3rVLJQ?feature=gws_kp_artist&feature=gws_kp_artist|Gaana|https://gaana.com/artist/niall-horan?autoplay=true|JioSaavn|https://www.jiosaavn.com/artist/Niall-Horan-songs/p0Uv780c8L4_?autoplay=enabled|Hungama|https://www.hungama.com/artist/niall-horan/6863034/?autoplay=true|Wynk|https://wynk.in/music/artist/home/niall-horan?autoplay=true|Instagram|https://www.instagram.com/niallhoran|Twitter|https://twitter.com/NiallOfficial|Facebook|https://www.facebook.com/Niallofficial|YouTube|https://www.youtube.com/channel/UCPrwhIldj47n8JcqZ4Y_WFQ
Justin Bieber|YouTube|https://www.youtube.com/playlist?playnext=1&list=PL7cJWYlMnhfzFuupFwQ4ng7XQkrRnFiXL&feature=gws_kp_artist|Spotify|https://open.spotify.com/artist/1uNFoZAHBGtllmzznpCI3s?autoplay=true|Gaana|https://gaana.com/artist/justin-bieber?autoplay=true|YouTube Music|https://music.youtube.com/channel/UCGvj8kfUV5Q6lzECIrGY19g?feature=gws_kp_artist&feature=gws_kp_artist|JioSaavn|https://www.jiosaavn.com/artist/Justin-Bieber-songs/deJJWFd1ItE_?autoplay=enabled|Hungama|https://www.hungama.com/artist/justin-bieber/42221/?autoplay=true|Wynk|https://wynk.in/music/artist/home/justin-bieber?autoplay=true|Instagram|https://www.instagram.com/justinbieber|Facebook|https://www.facebook.com/JustinBieber|Twitter|https://twitter.com/justinbieber|YouTube|https://www.youtube.com/user/kidrauhl|TikTok|https://www.tiktok.com/@justinbieber
Ashley Cole|Twitter|https://twitter.com/therealac3|Instagram|https://www.instagram.com/theofficialac3/|Facebook|https://www.facebook.com/TheRealAC3/
Gigi Hadid|Instagram|https://www.instagram.com/gigihadid|Facebook|https://www.facebook.com/officialgigihadid|Twitter|https://twitter.com/GiGiHadid|YouTube|https://www.youtube.com/user/OfficialGigiHadid
Zayn Malik|YouTube|https://www.youtube.com/playlist?playnext=1&list=PLrdqW32V7fwI09k4a7463TyRem658vYlc&feature=gws_kp_artist|Spotify|https://open.spotify.com/artist/5ZsFI1h6hIdQRw2ti0hz81?autoplay=true|Gaana|https://gaana.com/artist/zayn-malik?autoplay=true|YouTube Music|https://music.youtube.com/channel/UCYR9erHSNBPjjNswR4FrMaw?feature=gws_kp_artist&feature=gws_kp_artist|JioSaavn|https://www.jiosaavn.com/artist/Zayn-Malik-songs/SGRc0EuPzQ0_?autoplay=enabled|Hungama|https://www.hungama.com/artist/zain-javadd-malik/7020461/?autoplay=true|Wynk|https://wynk.in/music/artist/home/zayn?autoplay=true|Instagram|https://www.instagram.com/zayn|Twitter|https://twitter.com/zaynmalik|Facebook|https://www.facebook.com/zayn|YouTube|https://www.youtube.com/channel/UC3PdiRW5dUA4V70ueeR1eHA|SoundCloud|https://soundcloud.com/zaynofficial
Louis Tomlinson|YouTube|https://www.youtube.com/playlist?playnext=1&list=PLLumRueSDKa4QCIv4OzA72H52pAsufrQj&feature=gws_kp_artist|Spotify|https://open.spotify.com/artist/57WHJIHrjOE3iAxpihhMnp?autoplay=true|YouTube Music|https://music.youtube.com/channel/UCpe3TthvXb8kmRiFbkeDGCQ?feature=gws_kp_artist&feature=gws_kp_artist|Gaana|https://gaana.com/artist/louis-tomlinson?autoplay=true|JioSaavn|https://www.jiosaavn.com/artist/Louis-Tomlinson-songs/eW33TJFK71Y_?autoplay=enabled|Hungama|https://www.hungama.com/artist/louis-tomlinson/6863015/?autoplay=true|Wynk|https://wynk.in/music/artist/home/louis-tomlinson?autoplay=true|Twitter|https://twitter.com/Louis_Tomlinson|Instagram|https://www.instagram.com/louist91|YouTube|https://www.youtube.com/channel/UCBSxVE6JoMg0WXvpm47OS3g|Facebook|https://www.facebook.com/louis.tomlinson
Louis Tomlinson|YouTube|https://www.youtube.com/playlist?playnext=1&list=PLLumRueSDKa4QCIv4OzA72H52pAsufrQj&feature=gws_kp_artist|Spotify|https://open.spotify.com/artist/57WHJIHrjOE3iAxpihhMnp?autoplay=true|YouTube Music|https://music.youtube.com/channel/UCpe3TthvXb8kmRiFbkeDGCQ?feature=gws_kp_artist&feature=gws_kp_artist|Gaana|https://gaana.com/artist/louis-tomlinson?autoplay=true|JioSaavn|https://www.jiosaavn.com/artist/Louis-Tomlinson-songs/eW33TJFK71Y_?autoplay=enabled|Hungama|https://www.hungama.com/artist/louis-tomlinson/6863015/?autoplay=true|Wynk|https://wynk.in/music/artist/home/louis-tomlinson?autoplay=true|Twitter|https://twitter.com/Louis_Tomlinson|Instagram|https://www.instagram.com/louist91|YouTube|https://www.youtube.com/channel/UCBSxVE6JoMg0WXvpm47OS3g|Facebook|https://www.facebook.com/louis.tomlinson
Alana Hadid|Instagram|https://www.instagram.com/lanzybear/|Twitter|https://twitter.com/thelanzybear
Anwar Hadid|Instagram|https://www.instagram.com/anwarspc/|SoundCloud|https://soundcloud.com/user-340912798|YouTube|https://www.youtube.com/channel/UCr_S0jL3-uPf4vgGEiEO38w
Dua Lipa|YouTube|https://www.youtube.com/playlist?playnext=1&list=PLtyc8svuod35WLFZpTIciGrGoT-iZbv7G&feature=gws_kp_artist|Spotify|https://open.spotify.com/artist/6M2wZ9GZgrQXHCFfjv46we?autoplay=true|Gaana|https://gaana.com/artist/dua-lipa?autoplay=true|YouTube Music|https://music.youtube.com/channel/UCzVb0SIXp9q9PeKCcFjsBtA?feature=gws_kp_artist&feature=gws_kp_artist|JioSaavn|https://www.jiosaavn.com/artist/Dua-Lipa-songs/r-OWIKgpX2I_?autoplay=enabled|Hungama|https://www.hungama.com/artist/lipa-dua/272938213/?autoplay=true|Wynk|https://wynk.in/music/artist/home/dua-lipa?autoplay=true|Instagram|https://www.instagram.com/dualipa|Twitter|https://twitter.com/DUALIPA|YouTube|https://www.youtube.com/channel/UC-J-KZfRV8c13fOCkhXdLiQ|Facebook|https://www.facebook.com/dualipaofficial|SoundCloud|https://soundcloud.com/dualipa
Harry Styles|YouTube|https://www.youtube.com/playlist?playnext=1&list=PL1BwKXJqW9zXtoSuoI6LVjof1H9gb13Re&feature=gws_kp_artist|Spotify|https://open.spotify.com/artist/6KImCVD70vtIoJWnq6nGn3?autoplay=true|YouTube Music|https://music.youtube.com/channel/UCVacQ2t5GUZ2t_J3Ia9BynA?feature=gws_kp_artist&feature=gws_kp_artist|Gaana|https://gaana.com/artist/harry-styles?autoplay=true|JioSaavn|https://www.jiosaavn.com/artist/Harry-Styles-songs/vVtHXctbA,o_?autoplay=enabled|Hungama|https://www.hungama.com/artist/h-styles/274065368/?autoplay=true|Wynk|https://wynk.in/music/artist/home/harry-styles?autoplay=true|Instagram|https://www.instagram.com/harrystyles|Facebook|https://www.facebook.com/harrystyles|Twitter|https://twitter.com/Harry_Styles|YouTube|https://www.youtube.com/harrystyles
Billie Eilish|YouTube|https://www.youtube.com/playlist?playnext=1&list=PLOOdB7t8yiV7NO5iMpzRpa0rK9qHzowmv&feature=gws_kp_artist|Spotify|https://open.spotify.com/artist/6qqNVTkY8uBg9cP3Jd7DAH?autoplay=true|Gaana|https://gaana.com/artist/billie-eilish-1?autoplay=true|YouTube Music|https://music.youtube.com/channel/UCERrDZ8oN0U_n9MphMKERcg?feature=gws_kp_artist&feature=gws_kp_artist|JioSaavn|https://www.jiosaavn.com/artist/Billie-Eilish-songs/mjFXK2ZAlTQ_?autoplay=enabled|Hungama|https://www.hungama.com/artist/billie-eilish-pirate-baird-o-connell/209819190/?autoplay=true|Wynk|https://wynk.in/music/artist/home/billie-eilish?autoplay=true|Instagram|https://www.instagram.com/billieeilish|Facebook|https://www.facebook.com/billieeilish|Twitter|https://twitter.com/billieeilish|SoundCloud|https://soundcloud.com/billieeilish|YouTube|https://www.youtube.com/channel/UCiGm_E4ZwYSHV3bcW1pnSeQ
Finneas O'Connell|YouTube|https://www.youtube.com/playlist?playnext=1&list=PL2DPE2wz7BAOd0k7ANAYhoQTNSE09el1w&feature=gws_kp_artist|Spotify|https://open.spotify.com/artist/37M5pPGs6V1fchFJSgCguX?autoplay=true|YouTube Music|https://music.youtube.com/channel/UCrbZcTv3iAHqMHWGbk0IYFA?feature=gws_kp_artist&feature=gws_kp_artist|Gaana|https://gaana.com/artist/finneas-oconnell?autoplay=true|JioSaavn|https://www.jiosaavn.com/artist/FINNEAS-songs/ZUbViGzXuTA_?autoplay=enabled|Hungama|https://www.hungama.com/artist/finneas-baird-oconnell/273014699/?autoplay=true|Instagram|https://www.instagram.com/finneas|YouTube|https://www.youtube.com/channel/UCoYrgNfVXrvzZSM9eVTZVmg|Facebook|https://www.facebook.com/FINNEASOFFICIAL|Twitter|https://twitter.com/finneas|SoundCloud|https://soundcloud.com/finneasmusic
Selena Gomez|YouTube|https://www.youtube.com/playlist?playnext=1&list=PLGwu-ob7sdHMxhN2EErcp0_zEhTMBsjY4&feature=gws_kp_artist|Spotify|https://open.spotify.com/artist/0C8ZW7ezQVs4URX5aX7Kqx?autoplay=true|Gaana|https://gaana.com/artist/selena-gomez?autoplay=true|YouTube Music|https://music.youtube.com/channel/UCeBYRgPhy8kcRmIGQWKuqdQ?feature=gws_kp_artist&feature=gws_kp_artist|JioSaavn|https://www.jiosaavn.com/artist/Selena-Gomez-songs/x45oK7RJ2E4_?autoplay=enabled|Hungama|https://www.hungama.com/artist/selena-gomez/42345/?autoplay=true|Wynk|https://wynk.in/music/artist/home/selena-gomez?autoplay=true|Instagram|https://www.instagram.com/selenagomez|Facebook|https://www.facebook.com/Selena|Twitter|https://twitter.com/selenagomez|YouTube|https://www.youtube.com/user/SelGomez|Myspace|http://myspace.com/selenagomez
Dua Lipa|YouTube|https://www.youtube.com/playlist?playnext=1&list=PLtyc8svuod35WLFZpTIciGrGoT-iZbv7G&feature=gws_kp_artist|Spotify|https://open.spotify.com/artist/6M2wZ9GZgrQXHCFfjv46we?autoplay=true|Gaana|https://gaana.com/artist/dua-lipa?autoplay=true|YouTube Music|https://music.youtube.com/channel/UCzVb0SIXp9q9PeKCcFjsBtA?feature=gws_kp_artist&feature=gws_kp_artist|JioSaavn|https://www.jiosaavn.com/artist/Dua-Lipa-songs/r-OWIKgpX2I_?autoplay=enabled|Hungama|https://www.hungama.com/artist/lipa-dua/272938213/?autoplay=true|Wynk|https://wynk.in/music/artist/home/dua-lipa?autoplay=true|Instagram|https://www.instagram.com/dualipa|Twitter|https://twitter.com/DUALIPA|YouTube|https://www.youtube.com/channel/UC-J-KZfRV8c13fOCkhXdLiQ|Facebook|https://www.facebook.com/dualipaofficial|SoundCloud|https://soundcloud.com/dualipa
Post Malone|YouTube|https://www.youtube.com/playlist?playnext=1&list=PLegvV8yC11jbbXEf25CjTnvG73IpBYNbe&feature=gws_kp_artist|Spotify|https://open.spotify.com/artist/246dkjvS1zLTtiykXe5h60?autoplay=true|YouTube Music|https://music.youtube.com/channel/UCyD3XWRK9ko-izf2nBSFitw?feature=gws_kp_artist&feature=gws_kp_artist|Gaana|https://gaana.com/artist/post-malone?autoplay=true|JioSaavn|https://www.jiosaavn.com/artist/Post-Malone-songs/Mbk23vKPwtY_?autoplay=enabled|Hungama|https://www.hungama.com/artist/richard-post-austin/194005054/?autoplay=true|Wynk|https://wynk.in/music/artist/home/post-malone?autoplay=true|Instagram|https://www.instagram.com/postmalone|SoundCloud|https://soundcloud.com/postmalone|Facebook|https://www.facebook.com/postmalone|Twitter|https://twitter.com/PostMalone|YouTube|https://www.youtube.com/postmalone
Charli D'Amelio|Instagram|https://www.instagram.com/charlidamelio|YouTube|https://www.youtube.com/channel/UCi3OE-aN09WOcN9d2stCvPg|Twitter|https://twitter.com/charlidamelio|Facebook|https://www.facebook.com/Charli-DAmelio-1618433065104198
Dixie D'Amelio|Instagram|https://www.instagram.com/dixiedamelio/|YouTube|https://www.youtube.com/channel/UCLOEGprmycLLbyzBj2jozLg|Twitter|https://twitter.com/dixiedamelio|Facebook|https://www.facebook.com/dixiedamelio
Addison Rae|Instagram|https://www.instagram.com/addisonraee|YouTube|https://www.youtube.com/channel/UCsjVdwXJydmlSLVT2zDuwpQ|Twitter|https://twitter.com/whoisaddison
Bryce Hall|Instagram|https://www.instagram.com/brycehall|YouTube|https://www.youtube.com/channel/UCI7IxRdZIn9G0cOUwiozhjw|Twitter|https://twitter.com/BryceHall
Avani Gregg|TikTok|https://www.tiktok.com/@avani|YouTube|https://www.youtube.com/channel/UCq2-KQlAsDrJLGPFLXVXbGA|Instagram|https://www.instagram.com/shopavanigregg|Twitter|https://twitter.com/lilpapivoni
Loren Gray|YouTube|https://www.youtube.com/playlist?playnext=1&list=PLkuSPru8btYx6R3R1eYgPoksXg2z7C0yu&feature=gws_kp_artist|Spotify|https://open.spotify.com/artist/3MbrazQE12UdSdFunXcft1?autoplay=true|YouTube Music|https://music.youtube.com/channel/UC9RcVG0zWZDCqZvZXexA9Kw?feature=gws_kp_artist&feature=gws_kp_artist|Gaana|https://gaana.com/artist/loren-gray?autoplay=true|JioSaavn|https://www.jiosaavn.com/artist/Loren-Gray-songs/LihJI2lEdL4_?autoplay=enabled|Hungama|https://www.hungama.com/artist/loren-beech/274066363/?autoplay=true|Instagram|https://www.instagram.com/loren|TikTok|https://www.tiktok.com/@lorengray|YouTube|https://www.youtube.com/channel/UCRYe4G08okte96rmocFNU1g|Twitter|https://twitter.com/iamlorengray|Facebook|https://www.facebook.com/thelorengray
Baby Ariel|Instagram|https://www.instagram.com/babyariel/|YouTube|https://www.youtube.com/channel/UCrv1Jwqqo_Xc7iJiwTGi5mg|Facebook|https://www.facebook.com/OfficialBabyAriel/|Twitter|https://twitter.com/BabyAriel
Pearce Joza|Instagram|https://www.instagram.com/pearcejoza/|Twitter|https://twitter.com/pearcejoza|YouTube|https://www.youtube.com/channel/UChoMHQtFquLnCvAcjt3FsjQ
Meg Donnelly|YouTube|https://www.youtube.com/playlist?playnext=1&list=PLjUjeJChx_KeEzJ-ZyPPYDhWPRsgTE-lI&feature=gws_kp_artist|Spotify|https://open.spotify.com/artist/0jcl46xRBm9LKIwrKGQPE6?autoplay=true|YouTube Music|https://music.youtube.com/channel/UCxgK2pFWSFAZjioz1CagfXA?feature=gws_kp_artist&feature=gws_kp_artist|Gaana|https://gaana.com/artist/meg-donnelly?autoplay=true|JioSaavn|https://www.jiosaavn.com/artist/Meg-Donnelly-songs/XlNPH6z2bZs_?autoplay=enabled|Hungama|https://www.hungama.com/artist/meg-donnelly/183639117/?autoplay=true|Instagram|https://www.instagram.com/megdonnelly/|YouTube|https://www.youtube.com/channel/UCWavSAgCp8DGZzCz90f7HQw|Twitter|https://twitter.com/immegdonnelly|Facebook|https://www.facebook.com/OfficialMegDonnelly/
Kamran Lucas|Instagram|https://www.instagram.com/kamran_lucas/|Facebook|https://www.facebook.com/kamranlucas/|Twitter|https://twitter.com/kamranlucas
Kylee Russell|Instagram|https://www.instagram.com/kyleerussell/|Twitter|https://twitter.com/kylee_mrussell|YouTube|https://www.youtube.com/channel/UCxUUx3y5EuSj0ycdnDeasmg
Milo Manheim|YouTube|https://www.youtube.com/playlist?playnext=1&list=PLUUvSL7DVoBT4gsQ7xG4PF5Qy33Oc3SJQ&feature=gws_kp_artist|Spotify|https://open.spotify.com/artist/3Pkn59A7kZmnBHp7HBUcz5?autoplay=true|YouTube Music|https://music.youtube.com/channel/UCVVATGG9MYEsQIP_ABvQXHg?feature=gws_kp_artist&feature=gws_kp_artist|Gaana|https://gaana.com/artist/milo-manheim?autoplay=true|JioSaavn|https://www.jiosaavn.com/artist/Milo-Manheim-songs/4qPk,D0CwnM_?autoplay=enabled|Hungama|https://www.hungama.com/artist/milo-manheim/183639163/?autoplay=true|Twitter|https://twitter.com/milomanheim|Facebook|https://www.facebook.com/milomanheim
Pearce Joza|Instagram|https://www.instagram.com/pearcejoza/|Twitter|https://twitter.com/pearcejoza|YouTube|https://www.youtube.com/channel/UChoMHQtFquLnCvAcjt3FsjQ
Camryn Manheim|Twitter|https://twitter.com/camrynmanheim|Facebook|https://www.facebook.com/OfficialCamrynManheim/|Instagram|https://www.instagram.com/camrynmanheim
Pearce Joza|Instagram|https://www.instagram.com/pearcejoza/|Twitter|https://twitter.com/pearcejoza|YouTube|https://www.youtube.com/channel/UChoMHQtFquLnCvAcjt3FsjQ
Kingston Foster|Instagram|https://www.instagram.com/kingston_foster/|Facebook|https://www.facebook.com/kingstonmfoster/|Twitter|https://twitter.com/kingston_foster|YouTube|https://www.youtube.com/channel/UCik01Uioh3PwwjlgOe9epTw
Chandler Kinney|Instagram|https://www.instagram.com/chandlerlkinney/|Twitter|https://twitter.com/chandlerlkinney
Baby Ariel|Instagram|https://www.instagram.com/babyariel/|YouTube|https://www.youtube.com/channel/UCrv1Jwqqo_Xc7iJiwTGi5mg|Facebook|https://www.facebook.com/OfficialBabyAriel/|Twitter|https://twitter.com/BabyAriel
Peyton Meyer|Instagram|https://www.instagram.com/peytonmeyer/|Twitter|https://twitter.com/peytonmeyer9|Facebook|https://www.facebook.com/peytonmeyerofficialpage/
Carla Jeffery|Instagram|https://www.instagram.com/carlajjeffery/|Facebook|https://www.facebook.com/carla.jeffery.73
Emilia McCarthy|Instagram|https://www.instagram.com/emiliaamccarthy/|Twitter|https://twitter.com/emiliaamccarthy|Facebook|https://www.facebook.com/EmiliaMcCarthyOfficial/
Carla Jeffery|Instagram|https://www.instagram.com/carlajjeffery/|Facebook|https://www.facebook.com/carla.jeffery.73
Kylee Russell|Instagram|https://www.instagram.com/kyleerussell/|Twitter|https://twitter.com/kylee_mrussell|YouTube|https://www.youtube.com/channel/UCxUUx3y5EuSj0ycdnDeasmg
James Godfrey|Instagram|https://www.instagram.com/_jamesgodfrey/|YouTube|https://www.youtube.com/c/JamesGodfrey
Pearce Joza|Instagram|https://www.instagram.com/pearcejoza/|Twitter|https://twitter.com/pearcejoza|YouTube|https://www.youtube.com/channel/UChoMHQtFquLnCvAcjt3FsjQ
Meg Donnelly|YouTube|https://www.youtube.com/playlist?playnext=1&list=PLjUjeJChx_KeEzJ-ZyPPYDhWPRsgTE-lI&feature=gws_kp_artist|Spotify|https://open.spotify.com/artist/0jcl46xRBm9LKIwrKGQPE6?autoplay=true|YouTube Music|https://music.youtube.com/channel/UCxgK2pFWSFAZjioz1CagfXA?feature=gws_kp_artist&feature=gws_kp_artist|Gaana|https://gaana.com/artist/meg-donnelly?autoplay=true|JioSaavn|https://www.jiosaavn.com/artist/Meg-Donnelly-songs/XlNPH6z2bZs_?autoplay=enabled|Hungama|https://www.hungama.com/artist/meg-donnelly/183639117/?autoplay=true|Instagram|https://www.instagram.com/megdonnelly/|YouTube|https://www.youtube.com/channel/UCWavSAgCp8DGZzCz90f7HQw|Twitter|https://twitter.com/immegdonnelly|Facebook|https://www.facebook.com/OfficialMegDonnelly/
Nathaniel J. Potvin|Facebook|https://www.facebook.com/NJPotvin/|Twitter|https://twitter.com/nathanielpotvin
James Godfrey|Instagram|https://www.instagram.com/_jamesgodfrey/|YouTube|https://www.youtube.com/c/JamesGodfrey
Asher Angel|Instagram|https://www.instagram.com/asherangel/|YouTube|https://www.youtube.com/channel/UCRP1eZDmz2Wcp2Wl9WphA6w|Twitter|https://twitter.com/AsherAngel|TikTok|https://www.tiktok.com/@asherangel|Facebook|https://www.facebook.com/asherangel/
Zachary Levi|Twitter|https://twitter.com/ZacharyLevi|Instagram|https://www.instagram.com/zacharylevi|Facebook|https://www.facebook.com/ZacharyLevi
Missy Peregrym|Instagram|https://www.instagram.com/mperegrym/|Twitter|https://twitter.com/mperegrym
David F. Sandberg|Twitter|https://twitter.com/ponysmasher|Instagram|https://www.instagram.com/ponysmasher/|YouTube|https://www.youtube.com/user/ponysmasher
Zachary Levi|Twitter|https://twitter.com/ZacharyLevi|Instagram|https://www.instagram.com/zacharylevi|Facebook|https://www.facebook.com/ZacharyLevi
Asher Angel|Instagram|https://www.instagram.com/asherangel/|YouTube|https://www.youtube.com/channel/UCRP1eZDmz2Wcp2Wl9WphA6w|Twitter|https://twitter.com/AsherAngel|TikTok|https://www.tiktok.com/@asherangel|Facebook|https://www.facebook.com/asherangel/
Jack Dylan Grazer|Instagram|https://www.instagram.com/jackdgrazer|Twitter|https://twitter.com/Jgrazerofficial|YouTube|https://www.youtube.com/channel/UCc4gRTqmGZpxS4S-kmGDJ0w
London Angel
Annie LeBlanc|YouTube|https://www.youtube.com/user/acroanna|Twitter|https://twitter.com/annieleblanc|Instagram|https://www.instagram.com/julesleblanc/|Facebook|https://www.facebook.com/OfficialAnnieLeBlanc/
Hayley LeBlanc|Instagram|https://www.instagram.com/hayley.leblanc/|Facebook|https://www.facebook.com/hayhayofficial/|Pinterest|https://www.pinterest.com/hayley8953/|Twitter|https://twitter.com/hayleynoellel|YouTube|https://www.youtube.com/c/HayleyLeBlanc
Asher Angel|Instagram|https://www.instagram.com/asherangel/|YouTube|https://www.youtube.com/channel/UCRP1eZDmz2Wcp2Wl9WphA6w|Twitter|https://twitter.com/AsherAngel|TikTok|https://www.tiktok.com/@asherangel|Facebook|https://www.facebook.com/asherangel/
Hayden Summerall|Twitter|https://twitter.com/haydensummerall|YouTube|https://www.youtube.com/user/haydensummerall|Facebook|https://www.facebook.com/haydensummerallofficial/|SoundCloud|https://soundcloud.com/hayden-summerall-328860946
Bryce Hall|Instagram|https://www.instagram.com/brycehall|YouTube|https://www.youtube.com/channel/UCI7IxRdZIn9G0cOUwiozhjw|Twitter|https://twitter.com/BryceHall
Hayden Summerall|Twitter|https://twitter.com/haydensummerall|YouTube|https://www.youtube.com/user/haydensummerall|Facebook|https://www.facebook.com/haydensummerallofficial/|SoundCloud|https://soundcloud.com/hayden-summerall-328860946
Hayden Summerall|Twitter|https://twitter.com/haydensummerall|YouTube|https://www.youtube.com/user/haydensummerall|Facebook|https://www.facebook.com/haydensummerallofficial/|SoundCloud|https://soundcloud.com/hayden-summerall-328860946
Avani Gregg|TikTok|https://www.tiktok.com/@avani|YouTube|https://www.youtube.com/channel/UCq2-KQlAsDrJLGPFLXVXbGA|Instagram|https://www.instagram.com/shopavanigregg|Twitter|https://twitter.com/lilpapivoni
Jacob Sartorius|YouTube|https://www.youtube.com/playlist?playnext=1&list=PLBg-FdqhKjpLtkBOaNUlaLDivybByhbIu&feature=gws_kp_artist|Spotify|https://open.spotify.com/artist/6czdbISBoxGckbBX8F4m8L?autoplay=true|YouTube Music|https://music.youtube.com/channel/UCKKYOjVqNa6mk99TfH0rDpw?feature=gws_kp_artist&feature=gws_kp_artist|Gaana|https://gaana.com/artist/jacob-sartorius?autoplay=true|JioSaavn|https://www.jiosaavn.com/artist/Jacob-Sartorius-songs/kOurG-2nqdo_?autoplay=enabled|Hungama|https://www.hungama.com/artist/jacob-sartorius/174384320/?autoplay=true|Instagram|https://www.instagram.com/jacobsartorius/|YouTube|https://www.youtube.com/user/jacobsartorius|Tumblr|https://hiplikejacobbb.tumblr.com/|Twitter|https://twitter.com/jacobsartorius|Facebook|https://www.facebook.com/jacobsartorius/
Indiana Massara|Instagram|https://www.instagram.com/indiana/|YouTube|https://www.youtube.com/channel/UCPUSerdS4CEkmyC-GWdG_Ug|Twitter|https://twitter.com/indiana|SoundCloud|https://soundcloud.com/user-72738317
Riley Lewis|Instagram|https://www.instagram.com/itsrileylewis/|YouTube|https://www.youtube.com/channel/UC4WCW4SQWgr0B3gSRgBxKSQ
Brooke Elizabeth Butler|Facebook|https://www.facebook.com/brookiebutler/|Twitter|https://twitter.com/imbrookebutler1
Riley Lewis|Instagram|https://www.instagram.com/itsrileylewis/|YouTube|https://www.youtube.com/channel/UC4WCW4SQWgr0B3gSRgBxKSQ
Brooke Elizabeth Butler|Facebook|https://www.facebook.com/brookiebutler/|Twitter|https://twitter.com/imbrookebutler1
Riley Lewis|Instagram|https://www.instagram.com/itsrileylewis/|YouTube|https://www.youtube.com/channel/UC4WCW4SQWgr0B3gSRgBxKSQ
Madison Lewis|Twitter|https://twitter.com/madison_lewis99
Billy LeBlanc|Instagram|https://www.instagram.com/officaldadtayley/|Facebook|https://www.facebook.com/billycurtischoppers
Billy LeBlanc|Instagram|https://www.instagram.com/lilia/|Twitter|https://twitter.com/buckinghamlilia|Pinterest|https://www.pinterest.com/liliawesome123/|YouTube|https://www.youtube.com/channel/UCLgKc1BPJqnXf7WrCpgPrVg|Facebook|https://www.facebook.com/Lilia-Buckingham-430114480749189/
Jillian Shea Spaeder|Instagram|https://www.instagram.com/jilliansheaspaeder/|Twitter|https://twitter.com/jillianspaeder|YouTube|https://www.youtube.com/channel/UCBCAqc4OcN5sQJg1xIfflYw
Jane Buckingham|Twitter|https://twitter.com/janebuckingham|LinkedIn|https://www.linkedin.com/in/jane-buckingham|Instagram|https://www.instagram.com/janebuckingham|Pinterest|https://www.pinterest.com/janerbuckingham/|Facebook|https://www.facebook.com/jane.rinzlerbuckingham
Jack Buckingham|LinkedIn|https://www.linkedin.com/in/jack--buckingham|Twitter|https://twitter.com/jackbuckingham_|Instagram|https://www.instagram.com/_jack_buckingham|Facebook|https://www.facebook.com/jack.buckingham.583|YouTube|https://www.youtube.com/channel/UC3KvZuymNeSmEMlFyd7bMLA
David Sidoo
Jane Buckingham|Twitter|https://twitter.com/janebuckingham|LinkedIn|https://www.linkedin.com/in/jane-buckingham|Instagram|https://www.instagram.com/janebuckingham|Pinterest|https://www.pinterest.com/janerbuckingham/|Facebook|https://www.facebook.com/jane.rinzlerbuckingham
Jack Buckingham|LinkedIn|https://www.linkedin.com/in/jack--buckingham|Twitter|https://twitter.com/jackbuckingham_|Instagram|https://www.instagram.com/_jack_buckingham|Facebook|https://www.facebook.com/jack.buckingham.583|YouTube|https://www.youtube.com/channel/UC3KvZuymNeSmEMlFyd7bMLA
Sophia Macy|Instagram|https://www.instagram.com/sophmacy/
Felicity Huffman
Eva Longoria|Instagram|https://www.instagram.com/evalongoria|Twitter|https://twitter.com/EvaLongoria|Facebook|https://www.facebook.com/EvaLongoria
William H. Macy|Twitter|https://twitter.com/williamhmacy|Instagram|https://www.instagram.com/williamhmacy/
Marcia Cross|Instagram|https://www.instagram.com/reallymarcia|Twitter|https://twitter.com/reallymarcia|Facebook|https://www.facebook.com/MarciaACross/
Nicollette Sheridan|Instagram|https://www.instagram.com/nicollettesheridan|Twitter|https://twitter.com/iamnicollette
Marcia Cross|Instagram|https://www.instagram.com/reallymarcia|Twitter|https://twitter.com/reallymarcia|Facebook|https://www.facebook.com/MarciaACross/
Felicity Huffman
Dana Delany|Twitter|https://twitter.com/danadelany|Instagram|https://www.instagram.com/danadelany
William H. Macy|Twitter|https://twitter.com/williamhmacy|Instagram|https://www.instagram.com/williamhmacy/
Doug Savant
Doug Savant
Thomas Calabro|Facebook|https://www.facebook.com/Thomas-Calabro-47823243832/|Instagram|https://www.instagram.com/thomascalabroofficial/|Twitter|https://twitter.com/thomascalabro
Dana Delany|Twitter|https://twitter.com/danadelany|Instagram|https://www.instagram.com/danadelany
Doug Savant
Laura Leighton|Twitter|https://twitter.com/lauraleighton|Facebook|https://www.facebook.com/LauraLeightonFan
Felicity Huffman
Marcia Cross|Instagram|https://www.instagram.com/reallymarcia|Twitter|https://twitter.com/reallymarcia|Facebook|https://www.facebook.com/MarciaACross/
Nicollette Sheridan|Instagram|https://www.instagram.com/nicollettesheridan|Twitter|https://twitter.com/iamnicollette
Brenda Strong|Instagram|https://www.instagram.com/strongbrenda/|Twitter|https://twitter.com/brenda_strong
Laura Johnson
Dimitri Hamlin|LinkedIn|https://www.linkedin.com/in/dimitri-hamlin-04598031|Facebook|https://www.facebook.com/dimitri.hamlin
Harry Hamlin|Instagram|https://www.instagram.com/harryrhamlin/|Twitter|https://twitter.com/harryrhamlin
Sean Connery
Amelia Gray Hamlin|Instagram|https://www.instagram.com/ameliagray/|Twitter|https://twitter.com/ameliaghamlin|Facebook|https://www.facebook.com/mimi.gray.54
Lisa Rinna|Instagram|https://www.instagram.com/lisarinna|Twitter|https://twitter.com/lisarinna|Facebook|https://www.facebook.com/LisaRinna
Erika Jayne|Instagram|https://www.instagram.com/theprettymess/|Twitter|https://twitter.com/erikajayne|Facebook|https://www.facebook.com/ErikaJayneMusic/|YouTube|https://www.youtube.com/channel/UCiVZDHuOoqQTtM_phaEH-7Q|Tumblr|https://erikajaynemusic.tumblr.com/
Dorit Kemsley|Instagram|https://www.instagram.com/doritkemsley/|Twitter|https://twitter.com/doritkemsley1|LinkedIn|https://www.linkedin.com/in/dorit-lemel-49335919
Erika Jayne|Instagram|https://www.instagram.com/theprettymess/|Twitter|https://twitter.com/erikajayne|Facebook|https://www.facebook.com/ErikaJayneMusic/|YouTube|https://www.youtube.com/channel/UCiVZDHuOoqQTtM_phaEH-7Q|Tumblr|https://erikajaynemusic.tumblr.com/
Thomas Girardi|Instagram|https://www.instagram.com/tgirardi20/
Camille Grammer|Instagram|https://www.instagram.com/therealcamille|Facebook|https://www.facebook.com/OfficialCamilleGrammer|Twitter|https://twitter.com/TheRealCamilleG
David C. Meyer
Kayte Walsh
Brandi Glanville|Instagram|https://www.instagram.com/brandiglanville|Twitter|https://twitter.com/BrandiGlanville|Facebook|https://www.facebook.com/brandiglanville1|YouTube|https://www.youtube.com/channel/UC6PiLu6zYFvPL3yYIWaT5WQ
Denise Richards|Instagram|https://www.instagram.com/deniserichards|Twitter|https://twitter.com/DENISE_RICHARDS|Facebook|https://www.facebook.com/DeniseRichardsOfficial
Aaron Phypers|Instagram|https://www.instagram.com/aaronwilliamcameron/
Dina Meyer|Instagram|https://www.instagram.com/dinameyer/|Twitter|https://twitter.com/dinameyer|Facebook|https://www.facebook.com/TheRealDinaMeyer/
Denise Richards|Instagram|https://www.instagram.com/deniserichards|Twitter|https://twitter.com/DENISE_RICHARDS|Facebook|https://www.facebook.com/DeniseRichardsOfficial
Charlie Sheen|Instagram|https://www.instagram.com/charliesheen|Twitter|https://twitter.com/charliesheen|Facebook|https://www.facebook.com/CharlieSheen|Myspace|https://myspace.com/charliesheen|YouTube|https://www.youtube.com/channel/UCmNy28pfdl8qx2NVKOH4d5Q
Jon Cryer|Twitter|https://twitter.com/mrjoncryer|Facebook|https://www.facebook.com/JonCryerOfficial/
Janet Sheen|Instagram|https://www.instagram.com/sheenjanet/
Martin Sheen
Emilio Estevez
Cassandra Jade Estevez
Ramon Estevez|LinkedIn|https://www.linkedin.com/in/ramon-estevez-37526a10
Brooke Mueller|Instagram|https://www.instagram.com/brooke.mueller/|Twitter|https://twitter.com/brookemueller|Facebook|https://www.facebook.com/brooke.webber.71
Charlie Sheen|Instagram|https://www.instagram.com/charliesheen|Twitter|https://twitter.com/charliesheen|Facebook|https://www.facebook.com/CharlieSheen|Myspace|https://myspace.com/charliesheen|YouTube|https://www.youtube.com/channel/UCmNy28pfdl8qx2NVKOH4d5Q
Martin Sheen
Aaron Phypers|Instagram|https://www.instagram.com/aaronwilliamcameron/
Angus T. Jones|Instagram|https://www.instagram.com/ang_tj_/
Charlie Sheen|Instagram|https://www.instagram.com/charliesheen|Twitter|https://twitter.com/charliesheen|Facebook|https://www.facebook.com/CharlieSheen|Myspace|https://myspace.com/charliesheen|YouTube|https://www.youtube.com/channel/UCmNy28pfdl8qx2NVKOH4d5Q
Arnie Anderson
Marin Hinkle|Twitter|https://twitter.com/_marinhinkle
Otto Jones
Lee Aronsohn|Twitter|https://twitter.com/bennyace
Don Foster
Lee Aronsohn|Twitter|https://twitter.com/bennyace
Chuck Lorre
Emmanuelle Vaugier|Instagram|https://www.instagram.com/emmanuellevaugier/|Twitter|https://twitter.com/evaugier
Chuck Lorre
Brooke D'Orsay
Brooke D'Orsay
April Bowlby|Instagram|https://www.instagram.com/aprilthebowlby/|Twitter|https://twitter.com/aprilthebowlby
Diane Guerrero|Instagram|https://www.instagram.com/dianexguerrero/|Facebook|https://www.facebook.com/DianeGuerreroOfficial/|Twitter|https://twitter.com/dianeguerrero__
Courtney Thorne-Smith
Kimberly Williams-Paisley|Instagram|https://www.instagram.com/kimberlywilliamspaisley/|Facebook|https://www.facebook.com/kimberlywilliamspaisley/|Twitter|https://twitter.com/kimwilliamspais|Pinterest|https://www.pinterest.com/kimwilliamspais/
Melanie Lynskey|Instagram|https://www.instagram.com/msmelanielynskey/|Twitter|https://twitter.com/melanielynskey
Taylor Atelian|Instagram|https://www.instagram.com/taybaeallday/|Facebook|https://www.facebook.com/TaylorMarieAtelian|YouTube|https://www.youtube.com/channel/UCy-ChhO0rTJY1Ih3FrXrhxA|Twitter|https://twitter.com/tayloratelian_
Jim Belushi|Twitter|https://twitter.com/jimbelushi|Facebook|https://www.facebook.com/officialjamesbelushi
Andrew Conrad|LinkedIn|https://www.linkedin.com/in/andrewconrad|Facebook|https://www.facebook.com/HAC522
Anjali Tendulkar|Instagram|https://www.instagram.com/anjalitendulkar.team/|Facebook|https://www.facebook.com/AnjalisachTendulkar/
Sourav Ganguly|Twitter|https://twitter.com/virendersehwag|Instagram|https://www.instagram.com/virendersehwag/|Facebook|https://www.facebook.com/VirenderSehwag/
MS Dhoni|Twitter|https://twitter.com/msdhoni|Facebook|https://www.facebook.com/MSDhoni|Instagram|https://www.instagram.com/mahi7781
Suresh Raina|Instagram|https://www.instagram.com/sureshraina3|Twitter|https://twitter.com/ImRaina|Facebook|https://www.facebook.com/SureshKumaRainaOfficial
Virat Kohli|Instagram|https://www.instagram.com/virat.kohli|Twitter|https://twitter.com/imVkohli|Facebook|https://www.facebook.com/virat.kohli
Rahul Dravid|Facebook|https://www.facebook.com/rahuldravid/
Sachin Tendulkar|Twitter|https://twitter.com/sachin_rt|Facebook|https://www.facebook.com/SachinTendulkar|Instagram|https://www.instagram.com/sachintendulkar|YouTube|https://www.youtube.com/channel/UCnzTvgqX77zZBJ5mji5bi7w|LinkedIn|https://www.linkedin.com/in/sachinrtendulkar
Yuvraj Singh|Instagram|https://www.instagram.com/yuvisofficial/|Twitter|https://twitter.com/yuvstrong12|Facebook|https://www.facebook.com/yuvirajsinghofficial/
VVS Laxman|Twitter|https://twitter.com/vvslaxman281|Facebook|https://www.facebook.com/VVSLaxman281/|Instagram|https://www.instagram.com/vvslaxman281/
Yuvraj Singh|Instagram|https://www.instagram.com/yuvisofficial/|Twitter|https://twitter.com/yuvstrong12|Facebook|https://www.facebook.com/yuvirajsinghofficial/
Harbhajan Singh|Twitter|https://twitter.com/harbhajan_singh|Instagram|https://www.instagram.com/harbhajan3/|Facebook|https://www.facebook.com/HarbhajanTurbanatorSingh/
Suresh Raina|Instagram|https://www.instagram.com/sureshraina3|Twitter|https://twitter.com/ImRaina|Facebook|https://www.facebook.com/SureshKumaRainaOfficial
Geeta Basra|Instagram|https://www.instagram.com/geetabasra/|Facebook|https://www.facebook.com/GeetaBasraOfficialPage/|Twitter|https://twitter.com/geeta_basra
VVS Laxman|Twitter|https://twitter.com/vvslaxman281|Facebook|https://www.facebook.com/VVSLaxman281/|Instagram|https://www.instagram.com/vvslaxman281/
Sachin Tendulkar|Twitter|https://twitter.com/sachin_rt|Facebook|https://www.facebook.com/SachinTendulkar|Instagram|https://www.instagram.com/sachintendulkar|YouTube|https://www.youtube.com/channel/UCnzTvgqX77zZBJ5mji5bi7w|LinkedIn|https://www.linkedin.com/in/sachinrtendulkar
KL Rahul|Instagram|https://www.instagram.com/rahulkl/|Facebook|https://www.facebook.com/klrahul11/|Twitter|https://twitter.com/klrahul11
Shreyas Iyer|Instagram|https://www.instagram.com/shreyas41/|Twitter|https://twitter.com/shreyasiyer15|Facebook|https://www.facebook.com/ShreyasIyerCricket/
Rohit Sharma|Twitter|https://twitter.com/ImRo45|Instagram|https://www.instagram.com/rohitsharma45|Facebook|https://www.facebook.com/RohitSharmaOfficialPage
Kane Williamson|Instagram|https://www.instagram.com/kane_s_w/
Kieron Pollard|Twitter|https://twitter.com/kieronpollard55
Jasprit Bumrah|Instagram|https://www.instagram.com/jaspritb1/|Twitter|https://twitter.com/jaspritbumrah93|Facebook|https://www.facebook.com/JaspritJBumrah/
Kane Williamson|Instagram|https://www.instagram.com/kane_s_w/
David Warner|Instagram|https://www.instagram.com/davidwarner31/|Twitter|https://twitter.com/davidwarner31|Facebook|https://www.facebook.com/davidwarner31/|YouTube|https://www.youtube.com/channel/UC-fWnUrk7297KzIZuNDO24w
Kane Williamson|Instagram|https://www.instagram.com/kane_s_w/
Aaron Finch|Twitter|https://twitter.com/aaronfinch5|Instagram|https://www.instagram.com/aaronfinch5/|Facebook|https://www.facebook.com/AaronFinchCricket/
Kane Williamson|Instagram|https://www.instagram.com/kane_s_w/
Mitchell Starc|Facebook|https://www.facebook.com/mstarc56/|Instagram|https://www.instagram.com/mstarc56/
Virat Kohli|Instagram|https://www.instagram.com/virat.kohli|Twitter|https://twitter.com/imVkohli|Facebook|https://www.facebook.com/virat.kohli
Kane Williamson|Instagram|https://www.instagram.com/kane_s_w/
Shikhar Dhawan|Twitter|https://twitter.com/sdhawan25|Instagram|https://www.instagram.com/shikhardofficial/|Facebook|https://www.facebook.com/shikhardhawanofficialpage/
Shreyas Iyer|Instagram|https://www.instagram.com/shreyas41/|Twitter|https://twitter.com/shreyasiyer15|Facebook|https://www.facebook.com/ShreyasIyerCricket/
Kane Williamson|Instagram|https://www.instagram.com/kane_s_w/
Manish Pandey|Twitter|https://twitter.com/im_manishpandey|Facebook|https://www.facebook.com/IMManishPandey/|Instagram|https://www.instagram.com/manishpandeyinsta/
Jasprit Bumrah|Instagram|https://www.instagram.com/jaspritb1/|Twitter|https://twitter.com/jaspritbumrah93|Facebook|https://www.facebook.com/JaspritJBumrah/
Hardik Pandya|Instagram|https://www.instagram.com/hardikpandya93/|Twitter|https://twitter.com/hardikpandya7|Facebook|https://www.facebook.com/OfficialHardikPandya/
Rishabh Pant|Instagram|https://www.instagram.com/rishabpant/|Twitter|https://twitter.com/rishabhpant17|Facebook|https://www.facebook.com/ImRishabPant/
Shreyas Iyer|Instagram|https://www.instagram.com/shreyas41/|Twitter|https://twitter.com/shreyasiyer15|Facebook|https://www.facebook.com/ShreyasIyerCricket/
Shreyas Iyer|Instagram|https://www.instagram.com/shreyas41/|Twitter|https://twitter.com/shreyasiyer15|Facebook|https://www.facebook.com/ShreyasIyerCricket/
Mohammed Shami|Twitter|https://twitter.com/mdshami11|Instagram|https://www.instagram.com/mdshami.11/|Facebook|https://www.facebook.com/CircleofCricket.MDShami/
KL Rahul|Instagram|https://www.instagram.com/rahulkl/|Facebook|https://www.facebook.com/klrahul11/|Twitter|https://twitter.com/klrahul11
Ravichandran Ashwin|Twitter|https://twitter.com/ashwinravi99|YouTube|https://www.youtube.com/channel/UCYbge2419-UBBDyv6frJ3jA|Instagram|https://www.instagram.com/rashwin99/|Facebook|https://www.facebook.com/AshwinRaviOfficial/
Ravindra Jadeja|Instagram|https://www.instagram.com/ravindra.jadeja|Facebook|https://www.facebook.com/ImRavindraJadeja/|Twitter|https://twitter.com/imjadeja
Jasprit Bumrah|Instagram|https://www.instagram.com/jaspritb1/|Twitter|https://twitter.com/jaspritbumrah93|Facebook|https://www.facebook.com/JaspritJBumrah/
KL Rahul|Instagram|https://www.instagram.com/rahulkl/|Facebook|https://www.facebook.com/klrahul11/|Twitter|https://twitter.com/klrahul11
Rohit Sharma|Twitter|https://twitter.com/ImRo45|Instagram|https://www.instagram.com/rohitsharma45|Facebook|https://www.facebook.com/RohitSharmaOfficialPage
Kagiso Rabada|Instagram|https://www.instagram.com/rabada_25/|Twitter|https://twitter.com/kagisorabada25|Facebook|https://www.facebook.com/KagisoRabadaOfficial/
Bhuvneshwar Kumar|Instagram|https://www.instagram.com/imbhuvi/|Twitter|https://twitter.com/bhuviofficial
KL Rahul|Instagram|https://www.instagram.com/rahulkl/|Facebook|https://www.facebook.com/klrahul11/|Twitter|https://twitter.com/klrahul11
Yuzvendra Chahal|Instagram|https://www.instagram.com/yuzi_chahal23/|Twitter|https://twitter.com/yuzi_chahal|Facebook|https://www.facebook.com/tossco9.yuzi23/
Jasprit Bumrah|Instagram|https://www.instagram.com/jaspritb1/|Twitter|https://twitter.com/jaspritbumrah93|Facebook|https://www.facebook.com/JaspritJBumrah/
AB de Villiers|Twitter|https://twitter.com/abdevilliers17|Instagram|https://www.instagram.com/abdevilliers17/|Facebook|https://www.facebook.com/ABdeVilliers17
KL Rahul|Instagram|https://www.instagram.com/rahulkl/|Facebook|https://www.facebook.com/klrahul11/|Twitter|https://twitter.com/klrahul11
Hardik Pandya|Instagram|https://www.instagram.com/hardikpandya93/|Twitter|https://twitter.com/hardikpandya7|Facebook|https://www.facebook.com/OfficialHardikPandya/
KL Rahul|Instagram|https://www.instagram.com/rahulkl/|Facebook|https://www.facebook.com/klrahul11/|Twitter|https://twitter.com/klrahul11
Kane Williamson|Instagram|https://www.instagram.com/kane_s_w/
Sanju Samson|Instagram|https://www.instagram.com/imsanjusamson/|Facebook|https://www.facebook.com/ImSanjuSamson/|Twitter|https://twitter.com/iamsanjusamson
KL Rahul|Instagram|https://www.instagram.com/rahulkl/|Facebook|https://www.facebook.com/klrahul11/|Twitter|https://twitter.com/klrahul11
Steve Smith|Instagram|https://www.instagram.com/steve_smith49/|Facebook|https://www.facebook.com/SteveSmith/|Twitter|https://twitter.com/stevesmith49
Robin Uthappa|Instagram|https://www.instagram.com/robinaiyudauthappa/|Facebook|https://www.facebook.com/robinuthappaofficial/
Sanju Samson|Facebook|https://www.facebook.com/ImSanjuSamson/|Instagram|https://www.instagram.com/imsanjusamson/|Twitter|https://twitter.com/iamsanjusamson
Steve Smith|Instagram|https://www.instagram.com/steve_smith49/|Facebook|https://www.facebook.com/SteveSmith/|Twitter|https://twitter.com/stevesmith49
Kane Williamson|Instagram|https://www.instagram.com/kane_s_w/
Joe Root|Twitter|https://twitter.com/root66|Facebook|https://www.facebook.com/JoeRootOfficial/|Instagram|https://www.instagram.com/root66/
Jason Roy|Twitter|https://twitter.com/jasonroy20|Facebook|https://www.facebook.com/JasonRoy20/|Instagram|https://www.instagram.com/jasonroy20/
Joe Denly|Twitter|https://twitter.com/joed1986
Jonny Bairstow|Twitter|https://twitter.com/jbairstow21|Facebook|https://www.facebook.com/jbairstow21/
Jonny Bairstow|Twitter|https://twitter.com/jbairstow21|Facebook|https://www.facebook.com/jbairstow21/
KL Rahul|Instagram|https://www.instagram.com/rahulkl/|Facebook|https://www.facebook.com/klrahul11/|Twitter|https://twitter.com/klrahul11
Hardik Pandya|Instagram|https://www.instagram.com/hardikpandya93/|Twitter|https://twitter.com/hardikpandya7|Facebook|https://www.facebook.com/OfficialHardikPandya/
Krunal Pandya|Instagram|https://www.instagram.com/krunalpandya_official/|Twitter|https://twitter.com/krunalpandya24|Facebook|https://www.facebook.com/KrunalPandyaOfficial/
KL Rahul|Instagram|https://www.instagram.com/rahulkl/|Facebook|https://www.facebook.com/klrahul11/|Twitter|https://twitter.com/klrahul11
Rishabh Pant|Instagram|https://www.instagram.com/rishabpant/|Twitter|https://twitter.com/rishabhpant17|Facebook|https://www.facebook.com/ImRishabPant/
Kane Williamson|Instagram|https://www.instagram.com/kane_s_w/
Ravichandran Ashwin|Twitter|https://twitter.com/ashwinravi99|YouTube|https://www.youtube.com/channel/UCYbge2419-UBBDyv6frJ3jA|Instagram|https://www.instagram.com/rashwin99/|Facebook|https://www.facebook.com/AshwinRaviOfficial/
Prithvi Shaw|Instagram|https://www.instagram.com/prithvishaw/|Twitter|http://www.twitter.com/PrithviShaw|Facebook|https://www.facebook.com/shawprithvi/
Ishan Kishan|Instagram|https://www.instagram.com/ishankishan23/|Facebook|https://www.facebook.com/iamishankishan/|Twitter|https://twitter.com/ishankishan51
Suryakumar Yadav|Instagram|https://www.instagram.com/surya_14kumar/|Twitter|https://twitter.com/surya_14kumar
Kieron Pollard|Twitter|https://twitter.com/kieronpollard55
Krunal Pandya|Instagram|https://www.instagram.com/krunalpandya_official/|Twitter|https://twitter.com/krunalpandya24|Facebook|https://www.facebook.com/KrunalPandyaOfficial/
Krunal Pandya|Instagram|https://www.instagram.com/krunalpandya_official/|Twitter|https://twitter.com/krunalpandya24|Facebook|https://www.facebook.com/KrunalPandyaOfficial/
KL Rahul|Instagram|https://www.instagram.com/rahulkl/|Facebook|https://www.facebook.com/klrahul11/|Twitter|https://twitter.com/klrahul11
Rahul Chahar|Instagram|https://www.instagram.com/rdchahar1/|Twitter|https://twitter.com/rdchahar1|Facebook|https://www.facebook.com/Rahulchaharofficial/
Rishabh Pant|Instagram|https://www.instagram.com/rishabpant/|Twitter|https://twitter.com/rishabhpant17|Facebook|https://www.facebook.com/ImRishabPant/
Trent Boult|Instagram|https://www.instagram.com/trrrent_/|Twitter|https://twitter.com/trent_boult
Kane Williamson|Instagram|https://www.instagram.com/kane_s_w/
Nick Jonas|Instagram|https://www.instagram.com/nickjonas|Facebook|https://www.facebook.com/nickjonas|Twitter|https://twitter.com/nickjonas|Tumblr|https://nickjonas.tumblr.com/|YouTube|https://www.youtube.com/channel/UCOvsww4Ch0ZKzFkITMm541g
Kangana Ranaut|Twitter|https://twitter.com/KanganaTeam|Instagram|https://www.instagram.com/kanganaranaut|Facebook|https://www.facebook.com/KanganaRanaut
Deepika Padukone|YouTube|https://www.youtube.com/playlist?playnext=1&list=PLeO8nbjF42cWU-BLGSZEQ5iEa3SzHDp0a&feature=gws_kp_artist|Gaana|https://gaana.com/artist/deepika-padukone?autoplay=true|Spotify|https://open.spotify.com/artist/2hEZEgzGbHSTc4Kfu975bw?autoplay=true|YouTube Music|https://music.youtube.com/channel/UCpFiHbkoZ1xODYLgt2nJSjw?feature=gws_kp_artist&feature=gws_kp_artist|JioSaavn|https://www.jiosaavn.com/artist/Deepika-Padukone-songs/36LfdYhYGvc_?autoplay=enabled|Hungama|https://www.hungama.com/artist/deepika-padukone/1856/?autoplay=true|Instagram|https://www.instagram.com/deepikapadukone|Facebook|https://www.facebook.com/DeepikaPadukone|Twitter|https://twitter.com/deepikapadukone
Kevin Jonas|Instagram|https://www.instagram.com/kevinjonas/|Twitter|https://twitter.com/kevinjonas|Facebook|https://www.facebook.com/kevinjonas/
Danielle Jonas|Instagram|https://www.instagram.com/daniellejonas|Facebook|https://www.facebook.com/daniellejonas/|Twitter|https://twitter.com/daniellejonas|Myspace|https://myspace.com/daniellejonasofficial
Anna Maria Perez de Tagle|Instagram|https://www.instagram.com/annamariapdt/|Twitter|https://twitter.com/annamariapdt|Myspace|https://myspace.com/official_ampdt
Alyson Stoner|Instagram|https://www.instagram.com/alysonstoner/|YouTube|https://www.youtube.com/channel/UCBza-oDKEaRps26VQOHJ35g|Twitter|https://twitter.com/alysonstoner|Facebook|https://www.facebook.com/alysonstoner/|Myspace|https://myspace.com/alysonstonerpop
Meaghan Martin|Instagram|https://www.instagram.com/meaghanjette/|Facebook|https://www.facebook.com/MeaganMagoo/
Alyson Stoner|Instagram|https://www.instagram.com/alysonstoner/|YouTube|https://www.youtube.com/channel/UCBza-oDKEaRps26VQOHJ35g|Twitter|https://twitter.com/alysonstoner|Facebook|https://www.facebook.com/alysonstoner/|Myspace|https://myspace.com/alysonstonerpop
Meaghan Martin|Instagram|https://www.instagram.com/meaghanjette/|Facebook|https://www.facebook.com/MeaganMagoo/
Alyson Stoner|Instagram|https://www.instagram.com/alysonstoner/|YouTube|https://www.youtube.com/channel/UCBza-oDKEaRps26VQOHJ35g|Twitter|https://twitter.com/alysonstoner|Facebook|https://www.facebook.com/alysonstoner/|Myspace|https://myspace.com/alysonstonerpop
Adam G. Sevani|Instagram|https://www.instagram.com/adamsevani/|Myspace|https://myspace.com/adamsevani
Hilary Duff|Instagram|https://www.instagram.com/hilaryduff|Facebook|https://www.facebook.com/HilaryDuff|Twitter|https://twitter.com/HilaryDuff|YouTube|https://www.youtube.com/user/hilaryduffofficial|Myspace|https://myspace.com/hilaryduff
Matthew Koma|YouTube|https://www.youtube.com/playlist?playnext=1&list=PL0_EvZAUUq1xI44QoFOsMBXqfGAEAFYkt&feature=gws_kp_artist|Spotify|https://open.spotify.com/artist/1mU61l2mcjEFraXZLpvVMo?autoplay=true|YouTube Music|https://music.youtube.com/channel/UCJjLCZn1dIvYHO4QWm-TEqA?feature=gws_kp_artist&feature=gws_kp_artist|Gaana|https://gaana.com/artist/matthew-koma?autoplay=true|JioSaavn|https://www.jiosaavn.com/artist/Matthew-Koma-songs/ttzPK,1aFJc_?autoplay=enabled|Hungama|https://www.hungama.com/artist/koma-matthew/160355506/?autoplay=true|Instagram|https://www.instagram.com/matthewkoma/|Facebook|https://www.facebook.com/MatthewKoma/|Twitter|https://twitter.com/matthewkoma|Myspace|https://myspace.com/matthewkoma|SoundCloud|https://soundcloud.com/matthewkoma
Luca Cruz Comrie
Chad Michael Murray|Instagram|https://www.instagram.com/chadmichaelmurray|Twitter|https://twitter.com/ChadMMurray|Facebook|https://www.facebook.com/chadmmurray
Sarah Roemer|Instagram|https://www.instagram.com/rooeemer/|Twitter|https://twitter.com/sarahroemer
Alexis Bledel|Twitter|https://twitter.com/alexisbledel|Facebook|https://www.facebook.com/AlexisBledel
Hilarie Burton|Instagram|https://www.instagram.com/hilarieburton/|Twitter|https://twitter.com/hilarieburton
Lindsay Lohan|Instagram|https://www.instagram.com/lindsaylohan|Twitter|https://twitter.com/lindsaylohan|Facebook|https://www.facebook.com/LindsayLohan|Myspace|https://myspace.com/lindsaylohan|YouTube|https://www.youtube.com/channel/UClp10y0x_8WRzOrFI8y6Clw
Aliana Lohan|Twitter|https://twitter.com/aliana|Instagram|https://www.instagram.com/aliana/|SoundCloud|https://soundcloud.com/aliana-lohan|Facebook|https://www.facebook.com/aliana.lohan.16
Lindsay Lohan|Instagram|https://www.instagram.com/lindsaylohan|Twitter|https://twitter.com/lindsaylohan|Facebook|https://www.facebook.com/LindsayLohan|Myspace|https://myspace.com/lindsaylohan|YouTube|https://www.youtube.com/channel/UClp10y0x_8WRzOrFI8y6Clw
Amanda Seyfried|Instagram|https://www.instagram.com/mingey|Twitter|https://twitter.com/AmandaSeyfried|Facebook|https://www.facebook.com/amandaseyfried
Thomas Sadoski|Instagram|https://www.instagram.com/thomas_sadoski/|Twitter|https://twitter.com/thomassadoski
Dominic Cooper|Instagram|https://www.instagram.com/dominiccoop/|Twitter|https://twitter.com/dominiccoop
Ruth Negga
Joe Gilgun
Amanda Seyfried|Instagram|https://www.instagram.com/mingey|Twitter|https://twitter.com/AmandaSeyfried|Facebook|https://www.facebook.com/amandaseyfried
Hayley Atwell|Instagram|https://www.instagram.com/wellhayley
Chris Evans|Instagram|https://www.instagram.com/chrisevans|Twitter|https://twitter.com/ChrisEvans|Facebook|https://www.facebook.com/chrisevans
Robert Downey, Jr.|Instagram|https://www.instagram.com/robertdowneyjr|Twitter|https://twitter.com/RobertDowneyJr|Facebook|https://www.facebook.com/robertdowneyjr
Henry Cavill|Instagram|https://www.instagram.com/henrycavill|Facebook|https://www.facebook.com/henrycavill
Millie Bobby Brown|Instagram|https://www.instagram.com/milliebobbybrown|Facebook|https://www.facebook.com/milliebobbybrown|Twitter|https://twitter.com/Milliestopshate|YouTube|https://www.youtube.com/channel/UCA0Wu0ztMfO59try4ktfNvg
Charlie Cavill|Instagram|https://www.instagram.com/charlescavill/|Twitter|https://twitter.com/charlescavill
Anya  Chalotra|Instagram|https://www.instagram.com/anyachalotra
Freya Allan|Instagram|https://www.instagram.com/freyaallan
Armie Hammer|Instagram|https://www.instagram.com/armiehammer|Twitter|https://twitter.com/armiehammer
Freya Allan|Instagram|https://www.instagram.com/freyaallan
Anya  Chalotra|Instagram|https://www.instagram.com/anyachalotra
Henry Cavill|Instagram|https://www.instagram.com/henrycavill|Facebook|https://www.facebook.com/henrycavill
Louis Partridge|Instagram|https://www.instagram.com/louispartridge_/
Freya Allan|Instagram|https://www.instagram.com/freyaallan
Henry Cavill|Instagram|https://www.instagram.com/henrycavill|Facebook|https://www.facebook.com/henrycavill
Millie Bobby Brown|Instagram|https://www.instagram.com/milliebobbybrown|Facebook|https://www.facebook.com/milliebobbybrown|Twitter|https://twitter.com/Milliestopshate|YouTube|https://www.youtube.com/channel/UCA0Wu0ztMfO59try4ktfNvg
Millie Bobby Brown|Instagram|https://www.instagram.com/milliebobbybrown|Facebook|https://www.facebook.com/milliebobbybrown|Twitter|https://twitter.com/Milliestopshate|YouTube|https://www.youtube.com/channel/UCA0Wu0ztMfO59try4ktfNvg
Louis Partridge|Instagram|https://www.instagram.com/louispartridge_/
Avengers: Infinity War
Avengers
Jeremy Renner|Instagram|https://www.instagram.com/jeremyrenner|Twitter|https://twitter.com/JeremyRenner|Facebook|https://www.facebook.com/Jeremy-Renner-142318649136676/|YouTube|https://www.youtube.com/channel/UC04uEyfaejl71wDAtEEbuZA|Tumblr|https://jeremyleerennerdotcom.tumblr.com/
Tom Cruise|Instagram|https://www.instagram.com/tomcruise|Twitter|https://twitter.com/TomCruise|Facebook|https://www.facebook.com/officialtomcruise|YouTube|https://www.youtube.com/channel/UCb5Y0r_ZtURoEb782Lt80Ig
Tom Holland|Instagram|https://www.instagram.com/tomholland2013|Twitter|https://twitter.com/TomHolland1996
Mark Ruffalo|Instagram|https://www.instagram.com/markruffalo|Twitter|https://twitter.com/MarkRuffalo|Facebook|https://www.facebook.com/MarkRuffalo|YouTube|https://www.youtube.com/channel/UCyEMWgz6hpYLHksz5_yHwUQ
Paul Rudd
Jack Sullivan Rudd|Instagram|https://www.instagram.com/jsullivanwhu/
Judd Apatow|Twitter|https://twitter.com/juddapatow|Instagram|https://www.instagram.com/juddapatow/|Facebook|https://www.facebook.com/juddapatowofficial/
Brittany Murphy
Simon Monjack
Alicia Silverstone|Instagram|https://www.instagram.com/aliciasilverstone|Twitter|https://twitter.com/AliciaSilv|Facebook|https://www.facebook.com/AliciaSilverstone|Pinterest|https://www.pinterest.com/aliciasilv
Brittany Murphy
Stacey Dash|Twitter|https://twitter.com/staceydash|Facebook|https://www.facebook.com/OfficiallyStaceyDash|Instagram|https://www.instagram.com/staceydash
Brittany Murphy
Elisa Donovan|Instagram|https://www.instagram.com/reddonovan/|Twitter|https://twitter.com/reddonovan|Facebook|https://www.facebook.com/elisa.donovan/|LinkedIn|https://www.linkedin.com/in/elisa-donovan-7903a9b0
Charlie Bigelow
Gary Valentine|Twitter|https://twitter.com/gary_valentine|Facebook|https://www.facebook.com/TheOfficialGaryValentine/|Instagram|https://www.instagram.com/gary_valentine/
Kevin James|YouTube|https://www.youtube.com/channel/UC9k23HZ1xMiqxf4gFfmxr5w|Twitter|https://twitter.com/KevinJames|Facebook|https://www.facebook.com/KevinJames|Instagram|https://www.instagram.com/kevinjamesofficial
Steffiana de la Cruz
Kevin James|YouTube|https://www.youtube.com/channel/UC9k23HZ1xMiqxf4gFfmxr5w|Twitter|https://twitter.com/KevinJames|Facebook|https://www.facebook.com/KevinJames|Instagram|https://www.instagram.com/kevinjamesofficial
Adam Sandler
Young Sheldon|Instagram|https://www.instagram.com/bigbangtheory|Twitter|https://twitter.com/bigbangtheory|Facebook|https://www.facebook.com/TheBigBangTheory
Kunal Nayyar|Instagram|http://www.instagram.com/kunalkarmanayyar|Twitter|https://twitter.com/kunalnayyar
Neha Kapur|Instagram|https://www.instagram.com/nehakapur/
Winston Beigel
Melissa Rauch|Instagram|https://www.instagram.com/themelissarauch|Twitter|https://twitter.com/MelissaRauch|Facebook|https://www.facebook.com/Melissarauchfanpage
Kunal Nayyar|Instagram|http://www.instagram.com/kunalkarmanayyar|Twitter|https://twitter.com/kunalnayyar
Neha Kapur|Instagram|https://www.instagram.com/nehakapur/
Kevin Sussman|Instagram|https://www.instagram.com/kevsussman/|Twitter|https://twitter.com/kevinsussman
Alessandra Young
John Ross Bowie|Instagram|https://www.instagram.com/johnrossbowie/
Alessandra Young
Kunal Nayyar|Instagram|http://www.instagram.com/kunalkarmanayyar|Twitter|https://twitter.com/kunalnayyar
Simon Helberg|Twitter|https://twitter.com/simonhelberg
Todd Spiewak
Chuck Lorre
Jocelyn Towne|Twitter|https://twitter.com/jocelyntowne?lang=fa
Melissa Rauch|Instagram|https://www.instagram.com/themelissarauch|Twitter|https://twitter.com/MelissaRauch|Facebook|https://www.facebook.com/Melissarauchfanpage
Johnny Galecki|Instagram|https://www.instagram.com/sanctionedjohnnygalecki
Wil Wheaton|Twitter|https://twitter.com/wilw|Instagram|https://www.instagram.com/itswilwheaton/|Facebook|https://www.facebook.com/itswilwheaton|Tumblr|https://photoshopwilwheaton.tumblr.com/|YouTube|https://www.youtube.com/wilwheaton
River Phoenix
Jerry O'Connell|Instagram|https://www.instagram.com/mrjerryoc/|Twitter|https://twitter.com/MrJerryOC|Facebook|https://www.facebook.com/jerryoshow/|YouTube|https://www.youtube.com/channel/UCWi3F804yoAHz-kDDGM8Duw
Rebecca Romijn|Instagram|https://www.instagram.com/rebeccaromijn|Twitter|https://twitter.com/rebeccaromijn|Facebook|https://www.facebook.com/RebeccaRomijn/
Caitlin McHugh|Instagram|https://www.instagram.com/caitlinskybound/|Twitter|https://twitter.com/_CF_McHugh|Facebook|https://www.facebook.com/caitlin.mchugh.524
John Stamos|Instagram|https://www.instagram.com/johnstamos|Twitter|https://twitter.com/JohnStamos|Facebook|https://www.facebook.com/johnstamos
Bob Saget|Twitter|https://twitter.com/bobsaget|Facebook|https://www.facebook.com/bobsaget/|Instagram|https://www.instagram.com/bobsaget/
Dave Coulier|Instagram|https://www.instagram.com/dcoulier/|Twitter|https://twitter.com/davecoulier|LinkedIn|https://www.linkedin.com/in/davecoulier|YouTube|https://www.youtube.com/channel/UCCseOQHhCJqVqhV3SzYesVA
Anjali Barot|Instagram|https://www.instagram.com/anjalibarotofficial/|Facebook|https://www.facebook.com/anjalibarotofficial/|Twitter|https://twitter.com/anjalibarot06
Shreya Dhanwanthary|Instagram|https://www.instagram.com/shreyadhan13/|Twitter|https://twitter.com/shreya_dhan13
Harshad Mehta
Jay Upadhyay
Brinda Trivedi|Instagram|https://www.instagram.com/brindatrivedi_/
Sucheta Dalal|Twitter|https://twitter.com/suchetadalal|Facebook|https://www.facebook.com/suchetadalal
Kumkum Das
Ramakant Dayama
Yashaswini Dayama|Instagram|https://www.instagram.com/yashaswinidayama/|Facebook|https://www.facebook.com/yashaswinirdayama/|YouTube|https://www.youtube.com/channel/UCfEw5fZHbC53MuBTN1qSveA|Twitter|https://twitter.com/dayamafc
Shreya Dhanwanthary|Instagram|https://www.instagram.com/shreyadhan13/|Twitter|https://twitter.com/shreya_dhan13
Pratik Gandhi|Instagram|https://www.instagram.com/pratikgandhiofficial/|Twitter|https://twitter.com/pratikg80
Shreya Dhanwanthary|Instagram|https://www.instagram.com/shreyadhan13/|Twitter|https://twitter.com/shreya_dhan13
Sharib Hashmi|Instagram|https://www.instagram.com/mrfilmistaani/|Twitter|https://twitter.com/sharibhashmi|Facebook|https://www.facebook.com/OfficialSharibHashmi/
Shreya Dhanwanthary|Instagram|https://www.instagram.com/shreyadhan13/|Twitter|https://twitter.com/shreya_dhan13
Inaamulhaq|Twitter|https://twitter.com/inaamulhaq1|Facebook|https://www.facebook.com/InaamulhaqOfficial/|YouTube|https://www.youtube.com/user/inaamulhaq79
Inaamulhaq|Twitter|https://twitter.com/inaamulhaq1|Facebook|https://www.facebook.com/InaamulhaqOfficial/|YouTube|https://www.youtube.com/user/inaamulhaq79
Feryna Wazheir|Instagram|https://www.instagram.com/ferynawazheir/|Facebook|https://www.facebook.com/FerynaWazheir/|Twitter|https://twitter.com/ferynawazheir
Prakash Belawadi
Sudha Belawadi|Twitter|https://twitter.com/belawadisudha
Teju Belawadi
Alfie Allen|Instagram|https://www.instagram.com/alfieeallen/|Facebook|https://www.facebook.com/alfieallenofficial/
Lily Allen|YouTube|https://www.youtube.com/playlist?playnext=1&list=PL3CYai1XDg4AA_05YtegH77jpU7QCE0SZ&feature=gws_kp_artist|Spotify|https://open.spotify.com/artist/13saZpZnCDWOI9D4IJhp1f?autoplay=true|YouTube Music|https://music.youtube.com/channel/UCKrQHxsP6Z3shDF1-QN0GCA?feature=gws_kp_artist&feature=gws_kp_artist|Gaana|https://gaana.com/artist/lily-allen?autoplay=true|JioSaavn|https://www.jiosaavn.com/artist/Lily-Allen-songs/Tb7KfwVBHjM_?autoplay=enabled|Hungama|https://www.hungama.com/artist/allen-lily-rose-beatrice/152576466/?autoplay=true|Instagram|https://www.instagram.com/lilyallen|Facebook|https://www.facebook.com/lilyallen|Myspace|https://myspace.com/lilymusic|YouTube|https://www.youtube.com/lilyallen|SoundCloud|https://soundcloud.com/lilyallen
Gwendoline Christie|Instagram|https://www.instagram.com/gwendolineuniverse/|Twitter|https://twitter.com/lovegwendoline
Isaac Hempstead Wright|Instagram|https://www.instagram.com/isaachwright/|Twitter|https://twitter.com/isaac_h_wright
Lily Allen|YouTube|https://www.youtube.com/playlist?playnext=1&list=PL3CYai1XDg4AA_05YtegH77jpU7QCE0SZ&feature=gws_kp_artist|Spotify|https://open.spotify.com/artist/13saZpZnCDWOI9D4IJhp1f?autoplay=true|YouTube Music|https://music.youtube.com/channel/UCKrQHxsP6Z3shDF1-QN0GCA?feature=gws_kp_artist&feature=gws_kp_artist|Gaana|https://gaana.com/artist/lily-allen?autoplay=true|JioSaavn|https://www.jiosaavn.com/artist/Lily-Allen-songs/Tb7KfwVBHjM_?autoplay=enabled|Hungama|https://www.hungama.com/artist/allen-lily-rose-beatrice/152576466/?autoplay=true|Instagram|https://www.instagram.com/lilyallen|Facebook|https://www.facebook.com/lilyallen|Myspace|https://myspace.com/lilymusic|YouTube|https://www.youtube.com/lilyallen|SoundCloud|https://soundcloud.com/lilyallen
Gala Talbott
Lily Allen|YouTube|https://www.youtube.com/playlist?playnext=1&list=PL3CYai1XDg4AA_05YtegH77jpU7QCE0SZ&feature=gws_kp_artist|Spotify|https://open.spotify.com/artist/13saZpZnCDWOI9D4IJhp1f?autoplay=true|YouTube Music|https://music.youtube.com/channel/UCKrQHxsP6Z3shDF1-QN0GCA?feature=gws_kp_artist&feature=gws_kp_artist|Gaana|https://gaana.com/artist/lily-allen?autoplay=true|JioSaavn|https://www.jiosaavn.com/artist/Lily-Allen-songs/Tb7KfwVBHjM_?autoplay=enabled|Hungama|https://www.hungama.com/artist/allen-lily-rose-beatrice/152576466/?autoplay=true|Instagram|https://www.instagram.com/lilyallen|Facebook|https://www.facebook.com/lilyallen|Myspace|https://myspace.com/lilymusic|YouTube|https://www.youtube.com/lilyallen|SoundCloud|https://soundcloud.com/lilyallen
Jaime Winstone|Instagram|https://www.instagram.com/jaimewinstone/?hl=en
Ray Winstone|Instagram|https://www.instagram.com/thisisraywinstone/
Elaine McCausland
Tom Courtenay
Isabel Crossley
Julie Christie
Geraldine Chaplin
Charlie Chaplin
Oaklee Pendergast|Twitter|https://twitter.com/oakleep
Oaklee Pendergast|Twitter|https://twitter.com/oakleep
Samuel Joslin|Twitter|https://twitter.com/sammyjoslin
Oaklee Pendergast|Twitter|https://twitter.com/oakleep
Geraldine Chaplin
Charlie Chaplin
Shane Saura Chaplin
Patricio Castilla
Shane Saura Chaplin
Rahul Dravid|Facebook|https://www.facebook.com/rahuldravid/
Sachin Tendulkar|Twitter|https://twitter.com/sachin_rt|Facebook|https://www.facebook.com/SachinTendulkar|Instagram|https://www.instagram.com/sachintendulkar|YouTube|https://www.youtube.com/channel/UCnzTvgqX77zZBJ5mji5bi7w|LinkedIn|https://www.linkedin.com/in/sachinrtendulkar
Anjali Tendulkar|Instagram|https://www.instagram.com/anjalitendulkar.team/|Facebook|https://www.facebook.com/AnjalisachTendulkar/
Arjun Tendulkar|Instagram|https://www.instagram.com/arjuntendulkar24/
Sara Tendulkar|Instagram|https://www.instagram.com/saratendulkar/|Facebook|https://www.facebook.com/SaraTendulkarFanPage/|Twitter|https://twitter.com/saratenduikar
Ayush Badoni
Anuj Rawat|Instagram|https://www.instagram.com/anujrawat_1755/|Facebook|https://www.facebook.com/anujrwt17/|Twitter|https://twitter.com/anujrawat_1755
Shashank Singh|Facebook|https://www.facebook.com/ShashankSinghOfficial/|Twitter|https://twitter.com/shashank_singh2
Anuj Rawat|Instagram|https://www.instagram.com/anujrawat_1755/|Facebook|https://www.facebook.com/anujrwt17/|Twitter|https://twitter.com/anujrawat_1755
Aniruddha Joshi|Facebook|https://www.facebook.com/aniruddhasitar
Akash Singh|Twitter|https://twitter.com/akashsi86682101|Instagram|https://www.instagram.com/akkionfire/|Facebook|https://www.facebook.com/akashsinghannu
Dhruv Shorey|Twitter|https://twitter.com/dhruvshorey|Instagram|https://www.instagram.com/dhruv_shorey/
Yashasvi Jaiswal|Instagram|https://www.instagram.com/yashasvijaiswal28/|Twitter|https://twitter.com/yashasvi_j|Facebook|https://www.facebook.com/yashasvijaiswal28/
Kartik Tyagi|Instagram|https://www.instagram.com/kartiktyagi._/|Twitter|https://twitter.com/tyagiktk
Priyam Garg|Instagram|https://www.instagram.com/garg_priyam/|Twitter|https://twitter.com/priyamg03149099
Shreyas Gopal|Instagram|https://www.instagram.com/shreyasg0519/|Twitter|https://twitter.com/shreyasgopal19
Rahul Tewatia|Instagram|https://www.instagram.com/rahultewatia20/|Twitter|https://twitter.com/rahultewatia02|Facebook|https://www.facebook.com/CircleofCricket.RahulTewatia/
Jofra Archer|Twitter|https://twitter.com/jofraarcher|Instagram|https://www.instagram.com/jofraarcher/|Facebook|https://www.facebook.com/JofArcher/
KL Rahul|Instagram|https://www.instagram.com/rahulkl/|Facebook|https://www.facebook.com/klrahul11/|Twitter|https://twitter.com/klrahul11
Trent Boult|Instagram|https://www.instagram.com/trrrent_/|Twitter|https://twitter.com/trent_boult
KL Rahul|Instagram|https://www.instagram.com/rahulkl/|Facebook|https://www.facebook.com/klrahul11/|Twitter|https://twitter.com/klrahul11
Kieron Pollard|Twitter|https://twitter.com/kieronpollard55
Rahul Chahar|Instagram|https://www.instagram.com/rdchahar1/|Twitter|https://twitter.com/rdchahar1|Facebook|https://www.facebook.com/Rahulchaharofficial/
Deepak Chahar|Instagram|https://www.instagram.com/deepak_chahar9/|Twitter|https://twitter.com/deepak_chahar9|Facebook|https://www.facebook.com/chaharmalti/
Suryakumar Yadav|Instagram|https://www.instagram.com/surya_14kumar/|Twitter|https://twitter.com/surya_14kumar
Krunal Pandya|Instagram|https://www.instagram.com/krunalpandya_official/|Twitter|https://twitter.com/krunalpandya24|Facebook|https://www.facebook.com/KrunalPandyaOfficial/
Hardik Pandya|Instagram|https://www.instagram.com/hardikpandya93/|Twitter|https://twitter.com/hardikpandya7|Facebook|https://www.facebook.com/OfficialHardikPandya/
Ishan Kishan|Instagram|https://www.instagram.com/ishankishan23/|Facebook|https://www.facebook.com/iamishankishan/|Twitter|https://twitter.com/ishankishan51
Suryakumar Yadav|Instagram|https://www.instagram.com/surya_14kumar/|Twitter|https://twitter.com/surya_14kumar
KL Rahul|Instagram|https://www.instagram.com/rahulkl/|Facebook|https://www.facebook.com/klrahul11/|Twitter|https://twitter.com/klrahul11
Kane Williamson|Instagram|https://www.instagram.com/kane_s_w/
KL Rahul|Instagram|https://www.instagram.com/rahulkl/|Facebook|https://www.facebook.com/klrahul11/|Twitter|https://twitter.com/klrahul11
Quinton de Kock|Instagram|https://www.instagram.com/qdk_12/|Twitter|https://twitter.com/quinnydekock69
Faf du Plessis|Twitter|https://twitter.com/faf1307|Instagram|https://www.instagram.com/fafdup/|Facebook|https://www.facebook.com/fafdp/
Shane Watson|Twitter|https://twitter.com/shanerwatson33|Facebook|https://www.facebook.com/shanewatsoncricket/|Instagram|https://www.instagram.com/srwatson33/
KL Rahul|Instagram|https://www.instagram.com/rahulkl/|Facebook|https://www.facebook.com/klrahul11/|Twitter|https://twitter.com/klrahul11
Kane Williamson|Instagram|https://www.instagram.com/kane_s_w/
Chris Gayle|Facebook|https://www.facebook.com/ChrisGayleSpartan/|Twitter|https://twitter.com/henrygayle|YouTube|https://www.youtube.com/channel/UCHiwRf3eVlwa1Ka5Bb1xoJA
Andre Russell|Instagram|https://www.instagram.com/ar12russell/|Twitter|https://twitter.com/russell12a
Nicholas Pooran|Instagram|https://www.instagram.com/nicholaspooran/|Twitter|https://twitter.com/nicholas_47
Shimron Hetmyer|Instagram|https://www.instagram.com/shetmyer/|Twitter|https://twitter.com/shetmyer
Kieron Pollard|Twitter|https://twitter.com/kieronpollard55
Ishan Kishan|Instagram|https://www.instagram.com/ishankishan23/|Facebook|https://www.facebook.com/iamishankishan/|Twitter|https://twitter.com/ishankishan51
Jasprit Bumrah|Instagram|https://www.instagram.com/jaspritb1/|Twitter|https://twitter.com/jaspritbumrah93|Facebook|https://www.facebook.com/JaspritJBumrah/
Hardik Pandya|Instagram|https://www.instagram.com/hardikpandya93/|Twitter|https://twitter.com/hardikpandya7|Facebook|https://www.facebook.com/OfficialHardikPandya/
Nataša Stanković
Hollywood Famous Actors
Brad Pitt|Twitter|https://twitter.com/bradfansnet
Tom Cruise|Instagram|https://www.instagram.com/tomcruise|Twitter|https://twitter.com/TomCruise|Facebook|https://www.facebook.com/officialtomcruise|YouTube|https://www.youtube.com/channel/UCb5Y0r_ZtURoEb782Lt80Ig
Nicole Kidman|Instagram|https://www.instagram.com/nicolekidman|Facebook|https://www.facebook.com/NicoleKidmanOfficial|YouTube|https://www.youtube.com/user/nicolekidmanofficial
Isabella Jane Cruise|Instagram|https://www.instagram.com/bellakidmancruise/|Twitter|https://twitter.com/bellacruise8|Facebook|https://www.facebook.com/BellaCruiseFan/
Tom Cruise|Instagram|https://www.instagram.com/tomcruise|Twitter|https://twitter.com/TomCruise|Facebook|https://www.facebook.com/officialtomcruise|YouTube|https://www.youtube.com/channel/UCb5Y0r_ZtURoEb782Lt80Ig
Mimi Rogers
Kelly McGillis|YouTube|https://www.youtube.com/channel/UCXzhsL-Zn6lT9Qs2pi5VA6w
Val Kilmer|Facebook|https://www.facebook.com/valkilmer|Instagram|https://www.instagram.com/valkilmerofficial|Twitter|https://twitter.com/valkilmer|YouTube|https://www.youtube.com/user/kilmberweb/feed
Tom Cruise|Instagram|https://www.instagram.com/tomcruise|Twitter|https://twitter.com/TomCruise|Facebook|https://www.facebook.com/officialtomcruise|YouTube|https://www.youtube.com/channel/UCb5Y0r_ZtURoEb782Lt80Ig
Warwick Davis|Twitter|https://twitter.com/warwickadavis|Facebook|https://www.facebook.com/warwickadavis/
Annabelle Davis|Instagram|https://www.instagram.com/annabelleldavis/|Facebook|https://www.facebook.com/ADavisCentre/|Twitter|https://twitter.com/adaviscentre
Harrison Davis|Twitter|https://twitter.com/harrisonwdavis|Instagram|https://www.instagram.com/harrisonwdavis/
Stacy Liu|Twitter|https://twitter.com/stacyliu83?lang=de|Instagram|https://www.instagram.com/stacyliu1995/|Facebook|https://www.facebook.com/stacyhohoho
Sarah Rayson|Instagram|https://www.instagram.com/sarzsa82/
Kia Pegg|Instagram|https://www.instagram.com/misskiamaypegg/|Twitter|https://twitter.com/kiapegg|Facebook|https://www.facebook.com/kiapeggbackup1/
Kasey McKellar
Mia McKenna-Bruce|Instagram|https://www.instagram.com/mia_mbruce/|Twitter|https://twitter.com/miambruce|YouTube|https://www.youtube.com/channel/UC6uwHpk8l1FITy0-DMZGSNw|Facebook|https://www.facebook.com/officialmiambruce/
Bethany Antonia|Instagram|https://www.instagram.com/bethanyantonia/|Twitter|https://twitter.com/bethanyantonia_
Jessica Alexander|Instagram|https://www.instagram.com/jessalxander/|Twitter|https://twitter.com/thejessalxander|Pinterest|https://www.pinterest.com/jessicaonlyme/
Kim Adis|Instagram|https://www.instagram.com/kimadis|Twitter|https://twitter.com/kimadis
Jessica Alexander|Instagram|https://www.instagram.com/jessalxander/|Twitter|https://twitter.com/thejessalxander|Pinterest|https://www.pinterest.com/jessicaonlyme/
Mia McKenna-Bruce|Instagram|https://www.instagram.com/mia_mbruce/|Twitter|https://twitter.com/miambruce|YouTube|https://www.youtube.com/channel/UC6uwHpk8l1FITy0-DMZGSNw|Facebook|https://www.facebook.com/officialmiambruce/
Jessica Alexander|Instagram|https://www.instagram.com/jessalxander/|Twitter|https://twitter.com/thejessalxander|Pinterest|https://www.pinterest.com/jessicaonlyme/
Mia McKenna-Bruce|Instagram|https://www.instagram.com/mia_mbruce/|Twitter|https://twitter.com/miambruce|YouTube|https://www.youtube.com/channel/UC6uwHpk8l1FITy0-DMZGSNw|Facebook|https://www.facebook.com/officialmiambruce/
Bethany Antonia|Instagram|https://www.instagram.com/bethanyantonia/|Twitter|https://twitter.com/bethanyantonia_
Kim Adis|Instagram|https://www.instagram.com/kimadis|Twitter|https://twitter.com/kimadis
Bethany Antonia|Instagram|https://www.instagram.com/bethanyantonia/|Twitter|https://twitter.com/bethanyantonia_
Chris J Gordon|Instagram|https://www.instagram.com/chrisjgordon_/
Razan Nassar|Instagram|https://www.instagram.com/razannsr/
Priya Blackburn|Instagram|https://www.instagram.com/priyablackburn/|Twitter|https://twitter.com/priyablackburn?lang=ga
Meneka Das|Twitter|https://twitter.com/menekad|Instagram|https://www.instagram.com/menekaofficial/
Jessica Alexander|Instagram|https://www.instagram.com/jessalxander/|Twitter|https://twitter.com/thejessalxander|Pinterest|https://www.pinterest.com/jessicaonlyme/
Mia McKenna-Bruce|Instagram|https://www.instagram.com/mia_mbruce/|Twitter|https://twitter.com/miambruce|YouTube|https://www.youtube.com/channel/UC6uwHpk8l1FITy0-DMZGSNw|Facebook|https://www.facebook.com/officialmiambruce/
Bethany Antonia|Instagram|https://www.instagram.com/bethanyantonia/|Twitter|https://twitter.com/bethanyantonia_
Connor Byrne|Twitter|https://twitter.com/connorjbyrne|Instagram|https://www.instagram.com/conorrbyrne/|Facebook|https://www.facebook.com/cbyrne89
Sarah Rayson|Instagram|https://www.instagram.com/sarzsa82/
Miles Butler-Hughton|Instagram|https://www.instagram.com/mr_miles87/|Twitter|https://twitter.com/milesbutlerhugh
Hannah Moncur|Instagram|https://www.instagram.com/hannahlmoncur/|Twitter|https://twitter.com/hannahmoncur
Ruben Reuter
Stacy Liu|Twitter|https://twitter.com/stacyliu83?lang=de|Instagram|https://www.instagram.com/stacyliu1995/|Facebook|https://www.facebook.com/stacyhohoho
Connor Lawson|Twitter|https://twitter.com/connorlawson_|Instagram|https://www.instagram.com/connorlawson__/|Facebook|https://www.facebook.com/connor.lawson.336
Connor Byrne|Twitter|https://twitter.com/connorjbyrne|Instagram|https://www.instagram.com/conorrbyrne/|Facebook|https://www.facebook.com/cbyrne89
Kasey McKellar
Kia Pegg|Instagram|https://www.instagram.com/misskiamaypegg/|Twitter|https://twitter.com/kiapegg|Facebook|https://www.facebook.com/kiapeggbackup1/
Sarah Rayson|Instagram|https://www.instagram.com/sarzsa82/
Ruben Reuter
Sarah Rayson|Instagram|https://www.instagram.com/sarzsa82/
Emily Burnett|Instagram|https://www.instagram.com/emilyburnett97/
Connor Lawson|Twitter|https://twitter.com/connorlawson_|Instagram|https://www.instagram.com/connorlawson__/|Facebook|https://www.facebook.com/connor.lawson.336
Annabelle Davis|Instagram|https://www.instagram.com/annabelleldavis/|Facebook|https://www.facebook.com/ADavisCentre/|Twitter|https://twitter.com/adaviscentre
Annabelle Davis|Instagram|https://www.instagram.com/annabelleldavis/|Facebook|https://www.facebook.com/ADavisCentre/|Twitter|https://twitter.com/adaviscentre
Harrison Davis|Twitter|https://twitter.com/harrisonwdavis|Instagram|https://www.instagram.com/harrisonwdavis/
Mia McKenna-Bruce|Instagram|https://www.instagram.com/mia_mbruce/|Twitter|https://twitter.com/miambruce|YouTube|https://www.youtube.com/channel/UC6uwHpk8l1FITy0-DMZGSNw|Facebook|https://www.facebook.com/officialmiambruce/
Bethany Antonia|Instagram|https://www.instagram.com/bethanyantonia/|Twitter|https://twitter.com/bethanyantonia_
Joe Maw|Instagram|https://www.instagram.com/joemaw97/?hl=es|Twitter|https://twitter.com/joe_maw|Facebook|https://www.facebook.com/JohnnyTFanPage/
Amy-Leigh Hickman|Instagram|https://www.instagram.com/amy_lhickman/|Twitter|https://twitter.com/amylhickman|Facebook|https://www.facebook.com/amyleighhickandjessiewillsfanzz/|YouTube|https://www.youtube.com/channel/UClFNoXnhgMpsDFQ0Q_vAJJQ
Jo Joyner|Twitter|https://twitter.com/dollyjoyner|Instagram|https://www.instagram.com/dollyjj/|Facebook|https://www.facebook.com/JoJoynerFans/
Neil Madden
Charlie Clements|Instagram|https://www.instagram.com/charlie__clements/|Twitter|https://twitter.com/mrcclements
Jake Wood|Instagram|https://www.instagram.com/mrjakewood/|Twitter|https://twitter.com/mrjakedwood
Melissa Suffield|Instagram|https://www.instagram.com/iammelteaser/|Twitter|https://twitter.com/iammelteaser
Hetti Bywater|Instagram|https://www.instagram.com/bywaterhetti/|Facebook|https://www.facebook.com/hettibywaterfans/|Twitter|https://twitter.com/bywaterhetti_|YouTube|https://www.youtube.com/channel/UCLHxjs7y_BO0y-vGZ5cryTA
Danielle Harold|Twitter|https://twitter.com/dharoldofficial|Instagram|https://www.instagram.com/danielle_harold/|Facebook|https://www.facebook.com/DanielleHaroldOfficial|Tumblr|http://danielleharoldfanx.tumblr.com/
Hetti Bywater|Instagram|https://www.instagram.com/bywaterhetti/|Facebook|https://www.facebook.com/hettibywaterfans/|Twitter|https://twitter.com/bywaterhetti_|YouTube|https://www.youtube.com/channel/UCLHxjs7y_BO0y-vGZ5cryTA
Hetti Bywater|Instagram|https://www.instagram.com/bywaterhetti/|Facebook|https://www.facebook.com/hettibywaterfans/|Twitter|https://twitter.com/bywaterhetti_|YouTube|https://www.youtube.com/channel/UCLHxjs7y_BO0y-vGZ5cryTA
Jasmine Armfield|Twitter|https://twitter.com/jasarmfield|Facebook|https://www.facebook.com/jasarmfield/|Instagram|https://www.instagram.com/queen.armfield/
James Bye|Instagram|https://www.instagram.com/jimmybye/|Twitter|https://twitter.com/jimmybye
Luisa Bradshaw-White|Twitter|https://twitter.com/bluisaw|Instagram|https://www.instagram.com/officiallulubw/
Annette Yeo|Twitter|https://twitter.com/yeoannette
Linda Henry|YouTube|https://www.youtube.com/channel/UCMeDVDWpMdEC_pCPgHrIXhQ
Perry Fenwick|Twitter|https://twitter.com/perryfenwick1
Luisa Bradshaw-White|Twitter|https://twitter.com/bluisaw|Instagram|https://www.instagram.com/officiallulubw/
Laila Morse|Twitter|https://twitter.com/uklailamorse
Perry Fenwick|Twitter|https://twitter.com/perryfenwick1
Jasmine Armfield|Twitter|https://twitter.com/jasarmfield|Facebook|https://www.facebook.com/jasarmfield/|Instagram|https://www.instagram.com/queen.armfield/
Pam St Clement|Twitter|https://twitter.com/pamstclement01|Instagram|https://www.instagram.com/thepamspam/
Zack Morris (actor)|Instagram|https://www.instagram.com/_zack_morris/|Twitter|https://twitter.com/_zack_morris
Kara-Leah Fernandes|YouTube|https://www.youtube.com/channel/UCBLbP6xN4oTzQPPvkCzmg2w
Rukku Nahar|Instagram|https://www.instagram.com/rukkunahar/|Twitter|https://twitter.com/rukkunahar
Priya Davdra|Instagram|https://www.instagram.com/xxpriyax/|Twitter|https://twitter.com/priya_davdra
James Bye|Instagram|https://www.instagram.com/jimmybye/|Twitter|https://twitter.com/jimmybye
Ricky Champ|Twitter|https://twitter.com/rickychamp1|Instagram|https://www.instagram.com/rickychamp2/
James Bye|Instagram|https://www.instagram.com/jimmybye/|Twitter|https://twitter.com/jimmybye
Balvinder Sopal|Twitter|https://twitter.com/balvindersopal|Instagram|https://www.instagram.com/leesopal/
Stevie Basaula
Gurlaine Kaur Garcha|Instagram|https://www.instagram.com/gurlainekaurgarcha/
Jamie Borthwick|Instagram|https://www.instagram.com/jamie_b10/|Twitter|https://twitter.com/officaljamie|YouTube|https://www.youtube.com/channel/UCjwNx_pQOGtXvc7Ozq9dgjg
James Bye|Instagram|https://www.instagram.com/jimmybye/|Twitter|https://twitter.com/jimmybye
Danielle Harold|Twitter|https://twitter.com/dharoldofficial|Instagram|https://www.instagram.com/danielle_harold/|Facebook|https://www.facebook.com/DanielleHaroldOfficial|Tumblr|http://danielleharoldfanx.tumblr.com/
Jamie Borthwick|Instagram|https://www.instagram.com/jamie_b10/|Twitter|https://twitter.com/officaljamie|YouTube|https://www.youtube.com/channel/UCjwNx_pQOGtXvc7Ozq9dgjg
Danielle Harold|Twitter|https://twitter.com/dharoldofficial|Instagram|https://www.instagram.com/danielle_harold/|Facebook|https://www.facebook.com/DanielleHaroldOfficial|Tumblr|http://danielleharoldfanx.tumblr.com/
Hetti Bywater|Instagram|https://www.instagram.com/bywaterhetti/|Facebook|https://www.facebook.com/hettibywaterfans/|Twitter|https://twitter.com/bywaterhetti_|YouTube|https://www.youtube.com/channel/UCLHxjs7y_BO0y-vGZ5cryTA
Danielle Harold|Twitter|https://twitter.com/dharoldofficial|Instagram|https://www.instagram.com/danielle_harold/|Facebook|https://www.facebook.com/DanielleHaroldOfficial|Tumblr|http://danielleharoldfanx.tumblr.com/
Louisa Lytton|Instagram|https://www.instagram.com/louisanastrilytton/|Twitter|https://twitter.com/louisalytton
Danielle Harold|Twitter|https://twitter.com/dharoldofficial|Instagram|https://www.instagram.com/danielle_harold/|Facebook|https://www.facebook.com/DanielleHaroldOfficial|Tumblr|http://danielleharoldfanx.tumblr.com/
Jamie Borthwick|Instagram|https://www.instagram.com/jamie_b10/|Twitter|https://twitter.com/officaljamie|YouTube|https://www.youtube.com/channel/UCjwNx_pQOGtXvc7Ozq9dgjg
Hetti Bywater|Instagram|https://www.instagram.com/bywaterhetti/|Facebook|https://www.facebook.com/hettibywaterfans/|Twitter|https://twitter.com/bywaterhetti_|YouTube|https://www.youtube.com/channel/UCLHxjs7y_BO0y-vGZ5cryTA
Lorraine Stanley|Instagram|https://www.instagram.com/lorraine_stanley_/|Twitter|https://twitter.com/loustar76|Facebook|https://www.facebook.com/lorrainess|YouTube|https://www.youtube.com/channel/UCvZpuDFOJHDglCr5okh0xgw
Danny Walters|Instagram|https://www.instagram.com/danny_walters/|Twitter|https://twitter.com/dannywalters_|Facebook|https://www.facebook.com/Dannywaltersactor/|YouTube|https://www.youtube.com/channel/UCByJJxGowqvmP8xTBHCpZ_Q
Jessica Plummer|Instagram|https://www.instagram.com/jessicakate_plummer/
AJ Pritchard|Instagram|https://www.instagram.com/aj11ace/|Twitter|https://twitter.com/aj11ace
